STNAME,CTYNAME,POPESTIMATE2015
Alabama,Alabama,4853160
Alabama,Autauga County,54838
Alabama,Baldwin County,202995
Alabama,Barbour County,26294
Alabama,Bibb County,22562
Alabama,Blount County,57522
Alabama,Bullock County,10400
Alabama,Butler County,20176
Alabama,Calhoun County,115536
Alabama,Chambers County,34007
Alabama,Cherokee County,25739
Alabama,Chilton County,43717
Alabama,Choctaw County,13233
Alabama,Clarke County,24703
Alabama,Clay County,13413
Alabama,Cleburne County,14917
Alabama,Coffee County,50952
Alabama,Colbert County,54370
Alabama,Conecuh County,12680
Alabama,Coosa County,10938
Alabama,Covington County,37551
Alabama,Crenshaw County,13857
Alabama,Cullman County,81764
Alabama,Dale County,49349
Alabama,Dallas County,40948
Alabama,DeKalb County,71112
Alabama,Elmore County,80924
Alabama,Escambia County,37665
Alabama,Etowah County,103003
Alabama,Fayette County,16693
Alabama,Franklin County,31541
Alabama,Geneva County,26636
Alabama,Greene County,8509
Alabama,Hale County,15018
Alabama,Henry County,17106
Alabama,Houston County,104268
Alabama,Jackson County,52218
Alabama,Jefferson County,660370
Alabama,Lamar County,13925
Alabama,Lauderdale County,92477
Alabama,Lawrence County,33138
Alabama,Lee County,157009
Alabama,Limestone County,91571
Alabama,Lowndes County,10353
Alabama,Macon County,19306
Alabama,Madison County,352989
Alabama,Marengo County,19760
Alabama,Marion County,30123
Alabama,Marshall County,94606
Alabama,Mobile County,414935
Alabama,Monroe County,21717
Alabama,Montgomery County,227244
Alabama,Morgan County,119281
Alabama,Perry County,9638
Alabama,Pickens County,20776
Alabama,Pike County,33522
Alabama,Randolph County,22598
Alabama,Russell County,58837
Alabama,St. Clair County,86546
Alabama,Shelby County,209084
Alabama,Sumter County,13206
Alabama,Talladega County,81055
Alabama,Tallapoosa County,40611
Alabama,Tuscaloosa County,204736
Alabama,Walker County,64933
Alabama,Washington County,16828
Alabama,Wilcox County,10903
Alabama,Winston County,23929
Alaska,Alaska,737547
Alaska,Aleutians East Borough,3381
Alaska,Aleutians West Census Area,5781
Alaska,Anchorage Municipality,297613
Alaska,Bethel Census Area,17955
Alaska,Bristol Bay Borough,905
Alaska,Denali Borough,1927
Alaska,Dillingham Census Area,4987
Alaska,Fairbanks North Star Borough,99630
Alaska,Haines Borough,2516
Alaska,Hoonah-Angoon Census Area,2137
Alaska,Juneau City and Borough,32601
Alaska,Kenai Peninsula Borough,58029
Alaska,Ketchikan Gateway Borough,13706
Alaska,Kodiak Island Borough,13766
Alaska,Kusilvak Census Area,8187
Alaska,Lake and Peninsula Borough,1592
Alaska,Matanuska-Susitna Borough,101068
Alaska,Nome Census Area,9885
Alaska,North Slope Borough,9795
Alaska,Northwest Arctic Borough,7771
Alaska,Petersburg Borough,3259
Alaska,Prince of Wales-Hyder Census Area,6505
Alaska,Sitka City and Borough,8778
Alaska,Skagway Municipality,1087
Alaska,Southeast Fairbanks Census Area,6804
Alaska,Valdez-Cordova Census Area,9322
Alaska,Wrangell City and Borough,2459
Alaska,Yakutat City and Borough,635
Alaska,Yukon-Koyukuk Census Area,5466
Arizona,Arizona,6833596
Arizona,Apache County,71022
Arizona,Cochise County,126502
Arizona,Coconino County,139024
Arizona,Gila County,53006
Arizona,Graham County,37873
Arizona,Greenlee County,9575
Arizona,La Paz County,20483
Arizona,Maricopa County,4175049
Arizona,Mohave County,204661
Arizona,Navajo County,107688
Arizona,Pima County,1009737
Arizona,Pinal County,406073
Arizona,Santa Cruz County,46602
Arizona,Yavapai County,220845
Arizona,Yuma County,205456
Arkansas,Arkansas,2978407
Arkansas,Arkansas County,18325
Arkansas,Ashley County,20838
Arkansas,Baxter County,41136
Arkansas,Benton County,251673
Arkansas,Boone County,37112
Arkansas,Bradley County,11007
Arkansas,Calhoun County,5201
Arkansas,Carroll County,27775
Arkansas,Chicot County,10960
Arkansas,Clark County,22517
Arkansas,Clay County,15200
Arkansas,Cleburne County,25361
Arkansas,Cleveland County,8284
Arkansas,Columbia County,24126
Arkansas,Conway County,20930
Arkansas,Craighead County,104419
Arkansas,Crawford County,61910
Arkansas,Crittenden County,49071
Arkansas,Cross County,17254
Arkansas,Dallas County,7531
Arkansas,Desha County,12022
Arkansas,Drew County,18617
Arkansas,Faulkner County,121209
Arkansas,Franklin County,17755
Arkansas,Fulton County,12137
Arkansas,Garland County,97816
Arkansas,Grant County,18014
Arkansas,Greene County,44298
Arkansas,Hempstead County,22094
Arkansas,Hot Spring County,33480
Arkansas,Howard County,13353
Arkansas,Independence County,37034
Arkansas,Izard County,13483
Arkansas,Jackson County,17371
Arkansas,Jefferson County,71868
Arkansas,Johnson County,26103
Arkansas,Lafayette County,7015
Arkansas,Lawrence County,16702
Arkansas,Lee County,9676
Arkansas,Lincoln County,13866
Arkansas,Little River County,12421
Arkansas,Logan County,21713
Arkansas,Lonoke County,71336
Arkansas,Madison County,15707
Arkansas,Marion County,16211
Arkansas,Miller County,43912
Arkansas,Mississippi County,43715
Arkansas,Monroe County,7453
Arkansas,Montgomery County,9029
Arkansas,Nevada County,8513
Arkansas,Newton County,7858
Arkansas,Ouachita County,24321
Arkansas,Perry County,10298
Arkansas,Phillips County,19557
Arkansas,Pike County,10835
Arkansas,Poinsett County,24016
Arkansas,Polk County,20196
Arkansas,Pope County,63577
Arkansas,Prairie County,8297
Arkansas,Pulaski County,393643
Arkansas,Randolph County,17427
Arkansas,St. Francis County,26654
Arkansas,Saline County,116397
Arkansas,Scott County,10540
Arkansas,Searcy County,7831
Arkansas,Sebastian County,127428
Arkansas,Sevier County,17272
Arkansas,Sharp County,16811
Arkansas,Stone County,12380
Arkansas,Union County,40093
Arkansas,Van Buren County,16773
Arkansas,Washington County,224491
Arkansas,White County,78925
Arkansas,Woodruff County,6721
Arkansas,Yell County,21513
California,California,38953142
California,Alameda County,1634634
California,Alpine County,1087
California,Amador County,37037
California,Butte County,224812
California,Calaveras County,44957
California,Colusa County,21269
California,Contra Costa County,1124606
California,Del Norte County,27246
California,El Dorado County,184660
California,Fresno County,970442
California,Glenn County,27776
California,Humboldt County,135114
California,Imperial County,179179
California,Inyo County,18174
California,Kern County,877197
California,Kings County,150199
California,Lake County,64254
California,Lassen County,31383
California,Los Angeles County,10097037
California,Madera County,153739
California,Marin County,261016
California,Mariposa County,17622
California,Mendocino County,87168
California,Merced County,266651
California,Modoc County,9048
California,Mono County,14043
California,Monterey County,431241
California,Napa County,141096
California,Nevada County,98709
California,Orange County,3153962
California,Placer County,373058
California,Plumas County,18516
California,Riverside County,2347921
California,Sacramento County,1494294
California,San Benito County,58243
California,San Bernardino County,2117311
California,San Diego County,3284061
California,San Francisco County,863836
California,San Joaquin County,721929
California,San Luis Obispo County,280171
California,San Mateo County,765447
California,Santa Barbara County,442522
California,Santa Clara County,1917481
California,Santa Cruz County,273730
California,Shasta County,178361
California,Sierra County,2996
California,Siskiyou County,43336
California,Solano County,433708
California,Sonoma County,501346
California,Stanislaus County,533534
California,Sutter County,95388
California,Tehama County,63090
California,Trinity County,13094
California,Tulare County,457803
California,Tuolumne County,53550
California,Ventura County,846922
California,Yolo County,212053
California,Yuba County,74083
Colorado,Colorado,5452107
Colorado,Adams County,490768
Colorado,Alamosa County,16314
Colorado,Arapahoe County,630637
Colorado,Archuleta County,12393
Colorado,Baca County,3553
Colorado,Bent County,5879
Colorado,Boulder County,319175
Colorado,Broomfield County,64856
Colorado,Chaffee County,18600
Colorado,Cheyenne County,1827
Colorado,Clear Creek County,9237
Colorado,Conejos County,8069
Colorado,Costilla County,3577
Colorado,Crowley County,5622
Colorado,Custer County,4438
Colorado,Delta County,29919
Colorado,Denver County,683665
Colorado,Dolores County,1981
Colorado,Douglas County,321964
Colorado,Eagle County,53896
Colorado,Elbert County,24621
Colorado,El Paso County,674156
Colorado,Fremont County,46267
Colorado,Garfield County,57760
Colorado,Gilpin County,5807
Colorado,Grand County,14721
Colorado,Gunnison County,16178
Colorado,Hinsdale County,764
Colorado,Huerfano County,6407
Colorado,Jackson County,1352
Colorado,Jefferson County,565223
Colorado,Kiowa County,1384
Colorado,Kit Carson County,8215
Colorado,Lake County,7442
Colorado,La Plata County,54609
Colorado,Larimer County,333309
Colorado,Las Animas County,14043
Colorado,Lincoln County,5545
Colorado,Logan County,21771
Colorado,Mesa County,148227
Colorado,Mineral County,744
Colorado,Moffat County,12938
Colorado,Montezuma County,25722
Colorado,Montrose County,40576
Colorado,Morgan County,28237
Colorado,Otero County,18210
Colorado,Ouray County,4607
Colorado,Park County,16736
Colorado,Phillips County,4329
Colorado,Pitkin County,17948
Colorado,Prowers County,11971
Colorado,Pueblo County,163111
Colorado,Rio Blanco County,6503
Colorado,Rio Grande County,11356
Colorado,Routt County,24422
Colorado,Saguache County,6251
Colorado,San Juan County,688
Colorado,San Miguel County,7840
Colorado,Sedgwick County,2375
Colorado,Summit County,30126
Colorado,Teller County,23377
Colorado,Washington County,4786
Colorado,Weld County,285033
Colorado,Yuma County,10050
Connecticut,Connecticut,3587509
Connecticut,Fairfield County,945301
Connecticut,Hartford County,896358
Connecticut,Litchfield County,184133
Connecticut,Middlesex County,163555
Connecticut,New Haven County,860292
Connecticut,New London County,269717
Connecticut,Tolland County,151685
Connecticut,Windham County,116468
Delaware,Delaware,941413
Delaware,Kent County,173129
Delaware,New Castle County,553658
Delaware,Sussex County,214626
District of Columbia,District of Columbia,675254
District of Columbia,District of Columbia,675254
Florida,Florida,20224249
Florida,Alachua County,259177
Florida,Baker County,27351
Florida,Bay County,181387
Florida,Bradford County,26743
Florida,Brevard County,565992
Florida,Broward County,1885443
Florida,Calhoun County,14411
Florida,Charlotte County,172437
Florida,Citrus County,140311
Florida,Clay County,202386
Florida,Collier County,356107
Florida,Columbia County,68197
Florida,DeSoto County,35650
Florida,Dixie County,16352
Florida,Duval County,910584
Florida,Escambia County,309332
Florida,Flagler County,104420
Florida,Franklin County,11706
Florida,Gadsden County,46051
Florida,Gilchrist County,17369
Florida,Glades County,13111
Florida,Gulf County,15928
Florida,Hamilton County,14267
Florida,Hardee County,27185
Florida,Hendry County,39325
Florida,Hernando County,177949
Florida,Highlands County,100222
Florida,Hillsborough County,1348848
Florida,Holmes County,19270
Florida,Indian River County,147478
Florida,Jackson County,48625
Florida,Jefferson County,14101
Florida,Lafayette County,8734
Florida,Lake County,325091
Florida,Lee County,699530
Florida,Leon County,285997
Florida,Levy County,39599
Florida,Liberty County,8408
Florida,Madison County,18474
Florida,Manatee County,362587
Florida,Marion County,342335
Florida,Martin County,155624
Florida,Miami-Dade County,2688156
Florida,Monroe County,76696
Florida,Nassau County,77930
Florida,Okaloosa County,197839
Florida,Okeechobee County,39836
Florida,Orange County,1290639
Florida,Osceola County,323578
Florida,Palm Beach County,1424685
Florida,Pasco County,494919
Florida,Pinellas County,947535
Florida,Polk County,648758
Florida,Putnam County,71935
Florida,St. Johns County,226464
Florida,St. Lucie County,297442
Florida,Santa Rosa County,166231
Florida,Sarasota County,404842
Florida,Seminole County,448246
Florida,Sumter County,117070
Florida,Suwannee County,43671
Florida,Taylor County,22360
Florida,Union County,15274
Florida,Volusia County,516918
Florida,Wakulla County,31522
Florida,Walton County,63048
Florida,Washington County,24561
Georgia,Georgia,10181111
Georgia,Appling County,18423
Georgia,Atkinson County,8344
Georgia,Bacon County,11242
Georgia,Baker County,3196
Georgia,Baldwin County,45542
Georgia,Banks County,18378
Georgia,Barrow County,74964
Georgia,Bartow County,102079
Georgia,Ben Hill County,17334
Georgia,Berrien County,18975
Georgia,Bibb County,153948
Georgia,Bleckley County,12705
Georgia,Brantley County,18416
Georgia,Brooks County,15680
Georgia,Bryan County,34792
Georgia,Bulloch County,73152
Georgia,Burke County,22620
Georgia,Butts County,23494
Georgia,Calhoun County,6531
Georgia,Camden County,52470
Georgia,Candler County,10867
Georgia,Carroll County,114467
Georgia,Catoosa County,65799
Georgia,Charlton County,13234
Georgia,Chatham County,285959
Georgia,Chattahoochee County,11067
Georgia,Chattooga County,24895
Georgia,Cherokee County,235387
Georgia,Clarke County,123552
Georgia,Clay County,3077
Georgia,Clayton County,272868
Georgia,Clinch County,6836
Georgia,Cobb County,739319
Georgia,Coffee County,43000
Georgia,Colquitt County,45509
Georgia,Columbia County,143912
Georgia,Cook County,17069
Georgia,Coweta County,138106
Georgia,Crawford County,12382
Georgia,Crisp County,22949
Georgia,Dade County,16157
Georgia,Dawson County,23312
Georgia,Decatur County,27055
Georgia,DeKalb County,734770
Georgia,Dodge County,21135
Georgia,Dooly County,14034
Georgia,Dougherty County,91495
Georgia,Douglas County,140268
Georgia,Early County,10452
Georgia,Echols County,4037
Georgia,Effingham County,57086
Georgia,Elbert County,19299
Georgia,Emanuel County,22477
Georgia,Evans County,10695
Georgia,Fannin County,24439
Georgia,Fayette County,110203
Georgia,Floyd County,96200
Georgia,Forsyth County,211228
Georgia,Franklin County,22262
Georgia,Fulton County,1005775
Georgia,Gilmer County,29497
Georgia,Glascock County,3018
Georgia,Glynn County,83373
Georgia,Gordon County,56329
Georgia,Grady County,25076
Georgia,Greene County,16644
Georgia,Gwinnett County,888884
Georgia,Habersham County,43804
Georgia,Hall County,192458
Georgia,Hancock County,8579
Georgia,Haralson County,28704
Georgia,Harris County,33159
Georgia,Hart County,25431
Georgia,Heard County,11552
Georgia,Henry County,216571
Georgia,Houston County,149412
Georgia,Irwin County,9151
Georgia,Jackson County,63436
Georgia,Jasper County,13687
Georgia,Jeff Davis County,15019
Georgia,Jefferson County,15927
Georgia,Jenkins County,8875
Georgia,Johnson County,9709
Georgia,Jones County,28446
Georgia,Lamar County,18240
Georgia,Lanier County,10266
Georgia,Laurens County,47513
Georgia,Lee County,29191
Georgia,Liberty County,61640
Georgia,Lincoln County,7719
Georgia,Long County,17646
Georgia,Lowndes County,113346
Georgia,Lumpkin County,31324
Georgia,McDuffie County,21468
Georgia,McIntosh County,14033
Georgia,Macon County,13695
Georgia,Madison County,28397
Georgia,Marion County,8556
Georgia,Meriwether County,21177
Georgia,Miller County,5843
Georgia,Mitchell County,22453
Georgia,Monroe County,26731
Georgia,Montgomery County,8945
Georgia,Morgan County,17945
Georgia,Murray County,39450
Georgia,Muscogee County,198674
Georgia,Newton County,104941
Georgia,Oconee County,35856
Georgia,Oglethorpe County,14728
Georgia,Paulding County,151703
Georgia,Peach County,26855
Georgia,Pickens County,30158
Georgia,Pierce County,19097
Georgia,Pike County,17919
Georgia,Polk County,41233
Georgia,Pulaski County,11397
Georgia,Putnam County,21320
Georgia,Quitman County,2281
Georgia,Rabun County,16226
Georgia,Randolph County,7147
Georgia,Richmond County,201333
Georgia,Rockdale County,88379
Georgia,Schley County,5206
Georgia,Screven County,14056
Georgia,Seminole County,8561
Georgia,Spalding County,63826
Georgia,Stephens County,25472
Georgia,Stewart County,5930
Georgia,Sumter County,30685
Georgia,Talbot County,6485
Georgia,Taliaferro County,1643
Georgia,Tattnall County,25390
Georgia,Taylor County,8245
Georgia,Telfair County,16439
Georgia,Terrell County,9017
Georgia,Thomas County,44812
Georgia,Tift County,40536
Georgia,Toombs County,27169
Georgia,Towns County,11207
Georgia,Treutlen County,6801
Georgia,Troup County,69593
Georgia,Turner County,7979
Georgia,Twiggs County,8342
Georgia,Union County,22017
Georgia,Upson County,26241
Georgia,Walker County,68552
Georgia,Walton County,88358
Georgia,Ware County,35359
Georgia,Warren County,5377
Georgia,Washington County,20736
Georgia,Wayne County,29422
Georgia,Webster County,2631
Georgia,Wheeler County,7897
Georgia,White County,28374
Georgia,Whitfield County,103677
Georgia,Wilcox County,8898
Georgia,Wilkes County,9909
Georgia,Wilkinson County,9080
Georgia,Worth County,20705
Hawaii,Hawaii,1422484
Hawaii,Hawaii County,195941
Hawaii,Honolulu County,991339
Hawaii,Kalawao County,88
Hawaii,Kauai County,71074
Hawaii,Maui County,164042
Idaho,Idaho,1651523
Idaho,Ada County,433047
Idaho,Adams County,3889
Idaho,Bannock County,84216
Idaho,Bear Lake County,5879
Idaho,Benewah County,8990
Idaho,Bingham County,45066
Idaho,Blaine County,21642
Idaho,Boise County,6961
Idaho,Bonner County,41587
Idaho,Bonneville County,109924
Idaho,Boundary County,11276
Idaho,Butte County,2567
Idaho,Camas County,1070
Idaho,Canyon County,206894
Idaho,Caribou County,6771
Idaho,Cassia County,23500
Idaho,Clark County,887
Idaho,Clearwater County,8562
Idaho,Custer County,4059
Idaho,Elmore County,25796
Idaho,Franklin County,12954
Idaho,Fremont County,12811
Idaho,Gem County,16680
Idaho,Gooding County,15212
Idaho,Idaho County,16296
Idaho,Jefferson County,27129
Idaho,Jerome County,23006
Idaho,Kootenai County,149395
Idaho,Latah County,38796
Idaho,Lemhi County,7736
Idaho,Lewis County,3795
Idaho,Lincoln County,5303
Idaho,Madison County,37983
Idaho,Minidoka County,20451
Idaho,Nez Perce County,39996
Idaho,Oneida County,4249
Idaho,Owyhee County,11292
Idaho,Payette County,22793
Idaho,Power County,7700
Idaho,Shoshone County,12456
Idaho,Teton County,10732
Idaho,Twin Falls County,82230
Idaho,Valley County,10046
Idaho,Washington County,9899
Illinois,Illinois,12864342
Illinois,Adams County,66857
Illinois,Alexander County,6761
Illinois,Bond County,16684
Illinois,Boone County,53606
Illinois,Brown County,6748
Illinois,Bureau County,33490
Illinois,Calhoun County,4858
Illinois,Carroll County,14640
Illinois,Cass County,12848
Illinois,Champaign County,209234
Illinois,Christian County,33457
Illinois,Clark County,15869
Illinois,Clay County,13402
Illinois,Clinton County,37660
Illinois,Coles County,52160
Illinois,Cook County,5247662
Illinois,Crawford County,19258
Illinois,Cumberland County,10860
Illinois,DeKalb County,104154
Illinois,De Witt County,16181
Illinois,Douglas County,19831
Illinois,DuPage County,933965
Illinois,Edgar County,17603
Illinois,Edwards County,6509
Illinois,Effingham County,34209
Illinois,Fayette County,22033
Illinois,Ford County,13526
Illinois,Franklin County,39390
Illinois,Fulton County,35707
Illinois,Gallatin County,5222
Illinois,Greene County,13344
Illinois,Grundy County,50363
Illinois,Hamilton County,8249
Illinois,Hancock County,18215
Illinois,Hardin County,4065
Illinois,Henderson County,6997
Illinois,Henry County,49644
Illinois,Iroquois County,28522
Illinois,Jackson County,59245
Illinois,Jasper County,9628
Illinois,Jefferson County,38290
Illinois,Jersey County,22223
Illinois,Jo Daviess County,22077
Illinois,Johnson County,12780
Illinois,Kane County,529330
Illinois,Kankakee County,111758
Illinois,Kendall County,122937
Illinois,Knox County,51374
Illinois,Lake County,704995
Illinois,LaSalle County,111023
Illinois,Lawrence County,16455
Illinois,Lee County,34515
Illinois,Livingston County,36603
Illinois,Logan County,29270
Illinois,McDonough County,31430
Illinois,McHenry County,307650
Illinois,McLean County,173160
Illinois,Macon County,107363
Illinois,Macoupin County,45875
Illinois,Madison County,266069
Illinois,Marion County,38366
Illinois,Marshall County,11919
Illinois,Mason County,13861
Illinois,Massac County,14565
Illinois,Menard County,12355
Illinois,Mercer County,15744
Illinois,Monroe County,33738
Illinois,Montgomery County,29186
Illinois,Morgan County,34665
Illinois,Moultrie County,14740
Illinois,Ogle County,51573
Illinois,Peoria County,186512
Illinois,Perry County,21516
Illinois,Piatt County,16349
Illinois,Pike County,15792
Illinois,Pope County,4287
Illinois,Pulaski County,5654
Illinois,Putnam County,5728
Illinois,Randolph County,32803
Illinois,Richland County,15953
Illinois,Rock Island County,146284
Illinois,St. Clair County,264805
Illinois,Saline County,24491
Illinois,Sangamon County,198884
Illinois,Schuyler County,7149
Illinois,Scott County,5111
Illinois,Shelby County,21823
Illinois,Stark County,5505
Illinois,Stephenson County,45668
Illinois,Tazewell County,134290
Illinois,Union County,17290
Illinois,Vermilion County,79173
Illinois,Wabash County,11626
Illinois,Warren County,17466
Illinois,Washington County,14262
Illinois,Wayne County,16520
Illinois,White County,14199
Illinois,Whiteside County,56914
Illinois,Will County,686142
Illinois,Williamson County,67440
Illinois,Winnebago County,287222
Illinois,Woodford County,38939
Indiana,Indiana,6608296
Indiana,Adams County,34958
Indiana,Allen County,367543
Indiana,Bartholomew County,81473
Indiana,Benton County,8690
Indiana,Blackford County,12237
Indiana,Boone County,63028
Indiana,Brown County,14995
Indiana,Carroll County,19882
Indiana,Cass County,38114
Indiana,Clark County,114831
Indiana,Clay County,26390
Indiana,Clinton County,32381
Indiana,Crawford County,10557
Indiana,Daviess County,32811
Indiana,Dearborn County,49453
Indiana,Decatur County,26336
Indiana,DeKalb County,42460
Indiana,Delaware County,115765
Indiana,Dubois County,42315
Indiana,Elkhart County,203024
Indiana,Fayette County,23393
Indiana,Floyd County,76499
Indiana,Fountain County,16531
Indiana,Franklin County,22952
Indiana,Fulton County,20332
Indiana,Gibson County,33620
Indiana,Grant County,67486
Indiana,Greene County,32414
Indiana,Hamilton County,308479
Indiana,Hancock County,72392
Indiana,Harrison County,39524
Indiana,Hendricks County,157754
Indiana,Henry County,48661
Indiana,Howard County,82340
Indiana,Huntington County,36514
Indiana,Jackson County,43886
Indiana,Jasper County,33487
Indiana,Jay County,21136
Indiana,Jefferson County,32298
Indiana,Jennings County,27829
Indiana,Johnson County,148994
Indiana,Knox County,37763
Indiana,Kosciusko County,78553
Indiana,LaGrange County,38614
Indiana,Lake County,487895
Indiana,LaPorte County,110853
Indiana,Lawrence County,45567
Indiana,Madison County,129383
Indiana,Marion County,939406
Indiana,Marshall County,46740
Indiana,Martin County,10217
Indiana,Miami County,36001
Indiana,Monroe County,144220
Indiana,Montgomery County,38242
Indiana,Morgan County,69565
Indiana,Newton County,13968
Indiana,Noble County,47531
Indiana,Ohio County,5887
Indiana,Orange County,19621
Indiana,Owen County,20830
Indiana,Parke County,16969
Indiana,Perry County,19307
Indiana,Pike County,12413
Indiana,Porter County,167365
Indiana,Posey County,25608
Indiana,Pulaski County,12796
Indiana,Putnam County,37484
Indiana,Randolph County,25134
Indiana,Ripley County,28377
Indiana,Rush County,16710
Indiana,St. Joseph County,268203
Indiana,Scott County,23657
Indiana,Shelby County,44364
Indiana,Spencer County,20639
Indiana,Starke County,22857
Indiana,Steuben County,34491
Indiana,Sullivan County,20870
Indiana,Switzerland County,10589
Indiana,Tippecanoe County,186783
Indiana,Tipton County,15252
Indiana,Union County,7185
Indiana,Vanderburgh County,181449
Indiana,Vermillion County,15592
Indiana,Vigo County,107586
Indiana,Wabash County,31859
Indiana,Warren County,8270
Indiana,Warrick County,61545
Indiana,Washington County,27779
Indiana,Wayne County,66965
Indiana,Wells County,27847
Indiana,White County,24278
Indiana,Whitley County,33453
Iowa,Iowa,3121460
Iowa,Adair County,7141
Iowa,Adams County,3753
Iowa,Allamakee County,13858
Iowa,Appanoose County,12572
Iowa,Audubon County,5713
Iowa,Benton County,25601
Iowa,Black Hawk County,133711
Iowa,Boone County,26453
Iowa,Bremer County,24740
Iowa,Buchanan County,21115
Iowa,Buena Vista County,20381
Iowa,Butler County,14886
Iowa,Calhoun County,9800
Iowa,Carroll County,20419
Iowa,Cass County,13345
Iowa,Cedar County,18308
Iowa,Cerro Gordo County,42983
Iowa,Cherokee County,11487
Iowa,Chickasaw County,12149
Iowa,Clarke County,9210
Iowa,Clay County,16497
Iowa,Clayton County,17727
Iowa,Clinton County,47550
Iowa,Crawford County,17095
Iowa,Dallas County,80618
Iowa,Davis County,8776
Iowa,Decatur County,8132
Iowa,Delaware County,17389
Iowa,Des Moines County,39860
Iowa,Dickinson County,17005
Iowa,Dubuque County,96884
Iowa,Emmet County,9698
Iowa,Fayette County,20139
Iowa,Floyd County,15910
Iowa,Franklin County,10326
Iowa,Fremont County,6913
Iowa,Greene County,8942
Iowa,Grundy County,12404
Iowa,Guthrie County,10652
Iowa,Hamilton County,15223
Iowa,Hancock County,11028
Iowa,Hardin County,17256
Iowa,Harrison County,14140
Iowa,Henry County,19844
Iowa,Howard County,9312
Iowa,Humboldt County,9550
Iowa,Ida County,6961
Iowa,Iowa County,16278
Iowa,Jackson County,19362
Iowa,Jasper County,36740
Iowa,Jefferson County,17916
Iowa,Johnson County,144931
Iowa,Jones County,20444
Iowa,Keokuk County,10172
Iowa,Kossuth County,15159
Iowa,Lee County,34893
Iowa,Linn County,220211
Iowa,Louisa County,11279
Iowa,Lucas County,8607
Iowa,Lyon County,11751
Iowa,Madison County,15731
Iowa,Mahaska County,22308
Iowa,Marion County,33111
Iowa,Marshall County,40364
Iowa,Mills County,14875
Iowa,Mitchell County,10675
Iowa,Monona County,8868
Iowa,Monroe County,7922
Iowa,Montgomery County,10151
Iowa,Muscatine County,43020
Iowa,O'Brien County,13926
Iowa,Osceola County,6163
Iowa,Page County,15471
Iowa,Palo Alto County,9137
Iowa,Plymouth County,24903
Iowa,Pocahontas County,6964
Iowa,Polk County,467526
Iowa,Pottawattamie County,93608
Iowa,Poweshiek County,18614
Iowa,Ringgold County,4976
Iowa,Sac County,9965
Iowa,Scott County,171927
Iowa,Shelby County,11786
Iowa,Sioux County,34769
Iowa,Story County,96605
Iowa,Tama County,17217
Iowa,Taylor County,6256
Iowa,Union County,12434
Iowa,Van Buren County,7297
Iowa,Wapello County,35505
Iowa,Warren County,48465
Iowa,Washington County,22147
Iowa,Wayne County,6358
Iowa,Webster County,37048
Iowa,Winnebago County,10597
Iowa,Winneshiek County,20736
Iowa,Woodbury County,102491
Iowa,Worth County,7502
Iowa,Wright County,12843
Kansas,Kansas,2909502
Kansas,Allen County,12662
Kansas,Anderson County,7817
Kansas,Atchison County,16419
Kansas,Barber County,4824
Kansas,Barton County,27173
Kansas,Bourbon County,14742
Kansas,Brown County,9698
Kansas,Butler County,66245
Kansas,Chase County,2655
Kansas,Chautauqua County,3386
Kansas,Cherokee County,20527
Kansas,Cheyenne County,2677
Kansas,Clark County,2081
Kansas,Clay County,8294
Kansas,Cloud County,9200
Kansas,Coffey County,8290
Kansas,Comanche County,1827
Kansas,Cowley County,35773
Kansas,Crawford County,39151
Kansas,Decatur County,2926
Kansas,Dickinson County,19204
Kansas,Doniphan County,7784
Kansas,Douglas County,118222
Kansas,Edwards County,2956
Kansas,Elk County,2573
Kansas,Ellis County,29002
Kansas,Ellsworth County,6307
Kansas,Finney County,37208
Kansas,Ford County,34693
Kansas,Franklin County,25469
Kansas,Geary County,36660
Kansas,Gove County,2698
Kansas,Graham County,2597
Kansas,Grant County,7737
Kansas,Gray County,6077
Kansas,Greeley County,1301
Kansas,Greenwood County,6233
Kansas,Hamilton County,2565
Kansas,Harper County,5781
Kansas,Harvey County,34811
Kansas,Haskell County,4088
Kansas,Hodgeman County,1860
Kansas,Jackson County,13284
Kansas,Jefferson County,18813
Kansas,Jewell County,2962
Kansas,Johnson County,579708
Kansas,Kearny County,3936
Kansas,Kingman County,7634
Kansas,Kiowa County,2572
Kansas,Labette County,20630
Kansas,Lane County,1630
Kansas,Leavenworth County,79099
Kansas,Lincoln County,3144
Kansas,Linn County,9582
Kansas,Logan County,2786
Kansas,Lyon County,33165
Kansas,McPherson County,28634
Kansas,Marion County,12047
Kansas,Marshall County,9842
Kansas,Meade County,4303
Kansas,Miami County,32756
Kansas,Mitchell County,6300
Kansas,Montgomery County,33426
Kansas,Morris County,5628
Kansas,Morton County,2952
Kansas,Nemaha County,10093
Kansas,Neosho County,16261
Kansas,Ness County,3015
Kansas,Norton County,5538
Kansas,Osage County,15863
Kansas,Osborne County,3642
Kansas,Ottawa County,5937
Kansas,Pawnee County,6768
Kansas,Phillips County,5421
Kansas,Pottawatomie County,23126
Kansas,Pratt County,9696
Kansas,Rawlins County,2508
Kansas,Reno County,63591
Kansas,Republic County,4688
Kansas,Rice County,9925
Kansas,Riley County,77149
Kansas,Rooks County,5182
Kansas,Rush County,3100
Kansas,Russell County,7040
Kansas,Saline County,55453
Kansas,Scott County,4952
Kansas,Sedgwick County,511164
Kansas,Seward County,23270
Kansas,Shawnee County,178736
Kansas,Sheridan County,2476
Kansas,Sherman County,5963
Kansas,Smith County,3689
Kansas,Stafford County,4216
Kansas,Stanton County,2069
Kansas,Stevens County,5795
Kansas,Sumner County,23403
Kansas,Thomas County,7896
Kansas,Trego County,2906
Kansas,Wabaunsee County,6884
Kansas,Wallace County,1505
Kansas,Washington County,5568
Kansas,Wichita County,2164
Kansas,Wilson County,8848
Kansas,Woodson County,3144
Kansas,Wyandotte County,163832
Kentucky,Kentucky,4425999
Kentucky,Adair County,19168
Kentucky,Allen County,20678
Kentucky,Anderson County,21891
Kentucky,Ballard County,8216
Kentucky,Barren County,43566
Kentucky,Bath County,12201
Kentucky,Bell County,27391
Kentucky,Boone County,127818
Kentucky,Bourbon County,20182
Kentucky,Boyd County,48506
Kentucky,Boyle County,29762
Kentucky,Bracken County,8288
Kentucky,Breathitt County,13369
Kentucky,Breckinridge County,19987
Kentucky,Bullitt County,78696
Kentucky,Butler County,12734
Kentucky,Caldwell County,12752
Kentucky,Calloway County,38658
Kentucky,Campbell County,91945
Kentucky,Carlisle County,4856
Kentucky,Carroll County,10700
Kentucky,Carter County,27443
Kentucky,Casey County,15746
Kentucky,Christian County,73155
Kentucky,Clark County,35675
Kentucky,Clay County,20990
Kentucky,Clinton County,10189
Kentucky,Crittenden County,9169
Kentucky,Cumberland County,6743
Kentucky,Daviess County,99509
Kentucky,Edmonson County,11995
Kentucky,Elliott County,7548
Kentucky,Estill County,14377
Kentucky,Fayette County,316002
Kentucky,Fleming County,14578
Kentucky,Floyd County,37535
Kentucky,Franklin County,50096
Kentucky,Fulton County,6269
Kentucky,Gallatin County,8601
Kentucky,Garrard County,17213
Kentucky,Grant County,24727
Kentucky,Graves County,37230
Kentucky,Grayson County,26143
Kentucky,Green County,10973
Kentucky,Greenup County,35983
Kentucky,Hancock County,8644
Kentucky,Hardin County,106323
Kentucky,Harlan County,27511
Kentucky,Harrison County,18637
Kentucky,Hart County,18418
Kentucky,Henderson County,46399
Kentucky,Henry County,15572
Kentucky,Hickman County,4610
Kentucky,Hopkins County,46077
Kentucky,Jackson County,13327
Kentucky,Jefferson County,765192
Kentucky,Jessamine County,51815
Kentucky,Johnson County,23136
Kentucky,Kenton County,164092
Kentucky,Knott County,15692
Kentucky,Knox County,31485
Kentucky,Larue County,14121
Kentucky,Laurel County,59930
Kentucky,Lawrence County,15873
Kentucky,Lee County,6742
Kentucky,Leslie County,10646
Kentucky,Letcher County,23044
Kentucky,Lewis County,13600
Kentucky,Lincoln County,24343
Kentucky,Livingston County,9286
Kentucky,Logan County,26751
Kentucky,Lyon County,8311
Kentucky,McCracken County,64984
Kentucky,McCreary County,17879
Kentucky,McLean County,9412
Kentucky,Madison County,88237
Kentucky,Magoffin County,12781
Kentucky,Marion County,19216
Kentucky,Marshall County,31060
Kentucky,Martin County,12304
Kentucky,Mason County,17066
Kentucky,Meade County,27740
Kentucky,Menifee County,6367
Kentucky,Mercer County,21402
Kentucky,Metcalfe County,9914
Kentucky,Monroe County,10621
Kentucky,Montgomery County,27586
Kentucky,Morgan County,13268
Kentucky,Muhlenberg County,31249
Kentucky,Nelson County,45115
Kentucky,Nicholas County,7061
Kentucky,Ohio County,24025
Kentucky,Oldham County,64546
Kentucky,Owen County,10728
Kentucky,Owsley County,4447
Kentucky,Pendleton County,14472
Kentucky,Perry County,27339
Kentucky,Pike County,61785
Kentucky,Powell County,12228
Kentucky,Pulaski County,63858
Kentucky,Robertson County,2135
Kentucky,Rockcastle County,16933
Kentucky,Rowan County,24655
Kentucky,Russell County,17685
Kentucky,Scott County,52136
Kentucky,Shelby County,45941
Kentucky,Simpson County,17908
Kentucky,Spencer County,17990
Kentucky,Taylor County,25583
Kentucky,Todd County,12450
Kentucky,Trigg County,14219
Kentucky,Trimble County,8750
Kentucky,Union County,14978
Kentucky,Warren County,124081
Kentucky,Washington County,12023
Kentucky,Wayne County,20609
Kentucky,Webster County,13178
Kentucky,Whitley County,36122
Kentucky,Wolfe County,7245
Kentucky,Woodford County,25858
Louisiana,Louisiana,4664851
Louisiana,Acadia Parish,62681
Louisiana,Allen Parish,25645
Louisiana,Ascension Parish,119374
Louisiana,Assumption Parish,22890
Louisiana,Avoyelles Parish,40991
Louisiana,Beauregard Parish,36530
Louisiana,Bienville Parish,13826
Louisiana,Bossier Parish,125577
Louisiana,Caddo Parish,251361
Louisiana,Calcasieu Parish,198427
Louisiana,Caldwell Parish,10047
Louisiana,Cameron Parish,6825
Louisiana,Catahoula Parish,10027
Louisiana,Claiborne Parish,16266
Louisiana,Concordia Parish,20232
Louisiana,De Soto Parish,27111
Louisiana,East Baton Rouge Parish,445078
Louisiana,East Carroll Parish,7276
Louisiana,East Feliciana Parish,19558
Louisiana,Evangeline Parish,33713
Louisiana,Franklin Parish,20388
Louisiana,Grant Parish,22301
Louisiana,Iberia Parish,73761
Louisiana,Iberville Parish,33137
Louisiana,Jackson Parish,15948
Louisiana,Jefferson Parish,435275
Louisiana,Jefferson Davis Parish,31431
Louisiana,Lafayette Parish,239281
Louisiana,Lafourche Parish,98323
Louisiana,LaSalle Parish,14985
Louisiana,Lincoln Parish,47437
Louisiana,Livingston Parish,137463
Louisiana,Madison Parish,11552
Louisiana,Morehouse Parish,26309
Louisiana,Natchitoches Parish,38996
Louisiana,Orleans Parish,389791
Louisiana,Ouachita Parish,156877
Louisiana,Plaquemines Parish,23443
Louisiana,Pointe Coupee Parish,22207
Louisiana,Rapides Parish,131801
Louisiana,Red River Parish,8714
Louisiana,Richland Parish,20551
Louisiana,Sabine Parish,24215
Louisiana,St. Bernard Parish,45425
Louisiana,St. Charles Parish,52583
Louisiana,St. Helena Parish,10469
Louisiana,St. James Parish,21480
Louisiana,St. John the Baptist Parish,43542
Louisiana,St. Landry Parish,83628
Louisiana,St. Martin Parish,53883
Louisiana,St. Mary Parish,52881
Louisiana,St. Tammany Parish,248913
Louisiana,Tangipahoa Parish,128740
Louisiana,Tensas Parish,4773
Louisiana,Terrebonne Parish,113796
Louisiana,Union Parish,22492
Louisiana,Vermilion Parish,59931
Louisiana,Vernon Parish,51415
Louisiana,Washington Parish,46368
Louisiana,Webster Parish,40055
Louisiana,West Baton Rouge Parish,25559
Louisiana,West Carroll Parish,11286
Louisiana,West Feliciana Parish,15366
Louisiana,Winn Parish,14645
Maine,Maine,1328484
Maine,Androscoggin County,107155
Maine,Aroostook County,68855
Maine,Cumberland County,289544
Maine,Franklin County,30057
Maine,Hancock County,54245
Maine,Kennebec County,121005
Maine,Knox County,39794
Maine,Lincoln County,33784
Maine,Oxford County,57110
Maine,Penobscot County,151949
Maine,Piscataquis County,16924
Maine,Sagadahoc County,35115
Maine,Somerset County,50733
Maine,Waldo County,39126
Maine,Washington County,31821
Maine,York County,201267
Maryland,Maryland,5986717
Maryland,Allegany County,72462
Maryland,Anne Arundel County,563502
Maryland,Baltimore County,827471
Maryland,Calvert County,90468
Maryland,Caroline County,32591
Maryland,Carroll County,167133
Maryland,Cecil County,102418
Maryland,Charles County,155692
Maryland,Dorchester County,32404
Maryland,Frederick County,245114
Maryland,Garrett County,29435
Maryland,Harford County,249589
Maryland,Howard County,311449
Maryland,Kent County,19713
Maryland,Montgomery County,1033994
Maryland,Prince George's County,905737
Maryland,Queen Anne's County,48991
Maryland,St. Mary's County,110965
Maryland,Somerset County,25684
Maryland,Talbot County,37414
Maryland,Washington County,149116
Maryland,Wicomico County,101800
Maryland,Worcester County,51425
Maryland,Baltimore city,622150
Massachusetts,Massachusetts,6795891
Massachusetts,Barnstable County,213811
Massachusetts,Berkshire County,127857
Massachusetts,Bristol County,556878
Massachusetts,Dukes County,17275
Massachusetts,Essex County,777175
Massachusetts,Franklin County,70902
Massachusetts,Hampden County,469230
Massachusetts,Hampshire County,160768
Massachusetts,Middlesex County,1585775
Massachusetts,Nantucket County,10945
Massachusetts,Norfolk County,694787
Massachusetts,Plymouth County,509146
Massachusetts,Suffolk County,782962
Massachusetts,Worcester County,818380
Michigan,Michigan,9932573
Michigan,Alcona County,10329
Michigan,Alger County,9251
Michigan,Allegan County,114136
Michigan,Alpena County,28719
Michigan,Antrim County,23032
Michigan,Arenac County,15303
Michigan,Baraga County,8583
Michigan,Barry County,59415
Michigan,Bay County,105281
Michigan,Benzie County,17393
Michigan,Berrien County,155071
Michigan,Branch County,43653
Michigan,Calhoun County,134339
Michigan,Cass County,51340
Michigan,Charlevoix County,26213
Michigan,Cheboygan County,25394
Michigan,Chippewa County,37980
Michigan,Clare County,30613
Michigan,Clinton County,77014
Michigan,Crawford County,13853
Michigan,Delta County,36417
Michigan,Dickinson County,25655
Michigan,Eaton County,108657
Michigan,Emmet County,32919
Michigan,Genesee County,410470
Michigan,Gladwin County,25222
Michigan,Gogebic County,15537
Michigan,Grand Traverse County,91546
Michigan,Gratiot County,41319
Michigan,Hillsdale County,45872
Michigan,Houghton County,36283
Michigan,Huron County,31759
Michigan,Ingham County,287168
Michigan,Ionia County,64046
Michigan,Iosco County,25333
Michigan,Iron County,11316
Michigan,Isabella County,70782
Michigan,Jackson County,159292
Michigan,Kalamazoo County,259716
Michigan,Kalkaska County,17252
Michigan,Kent County,637304
Michigan,Keweenaw County,2123
Michigan,Lake County,11695
Michigan,Lapeer County,88387
Michigan,Leelanau County,21637
Michigan,Lenawee County,98385
Michigan,Livingston County,187186
Michigan,Luce County,6429
Michigan,Mackinac County,10822
Michigan,Macomb County,865086
Michigan,Manistee County,24447
Michigan,Marquette County,67319
Michigan,Mason County,28741
Michigan,Mecosta County,43026
Michigan,Menominee County,23466
Michigan,Midland County,83626
Michigan,Missaukee County,14885
Michigan,Monroe County,149386
Michigan,Montcalm County,62764
Michigan,Montmorency County,9288
Michigan,Muskegon County,172462
Michigan,Newaygo County,47888
Michigan,Oakland County,1244711
Michigan,Oceana County,26328
Michigan,Ogemaw County,20895
Michigan,Ontonagon County,6038
Michigan,Osceola County,23177
Michigan,Oscoda County,8277
Michigan,Otsego County,24211
Michigan,Ottawa County,280958
Michigan,Presque Isle County,12794
Michigan,Roscommon County,23914
Michigan,Saginaw County,193314
Michigan,St. Clair County,159749
Michigan,St. Joseph County,60805
Michigan,Sanilac County,41446
Michigan,Schoolcraft County,8123
Michigan,Shiawassee County,68485
Michigan,Tuscola County,53731
Michigan,Van Buren County,75064
Michigan,Washtenaw County,363109
Michigan,Wayne County,1764726
Michigan,Wexford County,32893
Minnesota,Minnesota,5482503
Minnesota,Aitkin County,15855
Minnesota,Anoka County,344246
Minnesota,Becker County,33442
Minnesota,Beltrami County,45604
Minnesota,Benton County,39412
Minnesota,Big Stone County,4992
Minnesota,Blue Earth County,65658
Minnesota,Brown County,25237
Minnesota,Carlton County,35407
Minnesota,Carver County,98635
Minnesota,Cass County,28687
Minnesota,Chippewa County,12077
Minnesota,Chisago County,54113
Minnesota,Clay County,62146
Minnesota,Clearwater County,8796
Minnesota,Cook County,5228
Minnesota,Cottonwood County,11426
Minnesota,Crow Wing County,63231
Minnesota,Dakota County,414240
Minnesota,Dodge County,20417
Minnesota,Douglas County,36782
Minnesota,Faribault County,13981
Minnesota,Fillmore County,20727
Minnesota,Freeborn County,30496
Minnesota,Goodhue County,46073
Minnesota,Grant County,5870
Minnesota,Hennepin County,1222578
Minnesota,Houston County,18681
Minnesota,Hubbard County,20645
Minnesota,Isanti County,38277
Minnesota,Itasca County,45261
Minnesota,Jackson County,10095
Minnesota,Kanabec County,15884
Minnesota,Kandiyohi County,42590
Minnesota,Kittson County,4405
Minnesota,Koochiching County,12798
Minnesota,Lac qui Parle County,6872
Minnesota,Lake County,10547
Minnesota,Lake of the Woods County,3872
Minnesota,Le Sueur County,27736
Minnesota,Lincoln County,5711
Minnesota,Lyon County,25837
Minnesota,McLeod County,35824
Minnesota,Mahnomen County,5437
Minnesota,Marshall County,9410
Minnesota,Martin County,20034
Minnesota,Meeker County,23036
Minnesota,Mille Lacs County,25484
Minnesota,Morrison County,32763
Minnesota,Mower County,39420
Minnesota,Murray County,8394
Minnesota,Nicollet County,33532
Minnesota,Nobles County,21795
Minnesota,Norman County,6621
Minnesota,Olmsted County,151335
Minnesota,Otter Tail County,57544
Minnesota,Pennington County,14234
Minnesota,Pine County,29042
Minnesota,Pipestone County,9267
Minnesota,Polk County,31510
Minnesota,Pope County,10930
Minnesota,Ramsey County,536879
Minnesota,Red Lake County,4032
Minnesota,Redwood County,15422
Minnesota,Renville County,14792
Minnesota,Rice County,65307
Minnesota,Rock County,9437
Minnesota,Roseau County,15619
Minnesota,St. Louis County,200276
Minnesota,Scott County,141361
Minnesota,Sherburne County,91416
Minnesota,Sibley County,14887
Minnesota,Stearns County,155890
Minnesota,Steele County,36610
Minnesota,Stevens County,9864
Minnesota,Swift County,9379
Minnesota,Todd County,24340
Minnesota,Traverse County,3369
Minnesota,Wabasha County,21380
Minnesota,Wadena County,13668
Minnesota,Waseca County,18923
Minnesota,Washington County,250494
Minnesota,Watonwan County,11002
Minnesota,Wilkin County,6355
Minnesota,Winona County,50808
Minnesota,Wright County,130978
Minnesota,Yellow Medicine County,9836
Mississippi,Mississippi,2988693
Mississippi,Adams County,31570
Mississippi,Alcorn County,37273
Mississippi,Amite County,12546
Mississippi,Attala County,18673
Mississippi,Benton County,8157
Mississippi,Bolivar County,33279
Mississippi,Calhoun County,14639
Mississippi,Carroll County,10201
Mississippi,Chickasaw County,17401
Mississippi,Choctaw County,8370
Mississippi,Claiborne County,9214
Mississippi,Clarke County,16029
Mississippi,Clay County,20004
Mississippi,Coahoma County,24509
Mississippi,Copiah County,28869
Mississippi,Covington County,19238
Mississippi,DeSoto County,173265
Mississippi,Forrest County,75705
Mississippi,Franklin County,7732
Mississippi,George County,23373
Mississippi,Greene County,13545
Mississippi,Grenada County,21452
Mississippi,Hancock County,46292
Mississippi,Harrison County,200671
Mississippi,Hinds County,244241
Mississippi,Holmes County,18371
Mississippi,Humphreys County,8705
Mississippi,Issaquena County,1337
Mississippi,Itawamba County,23548
Mississippi,Jackson County,141381
Mississippi,Jasper County,16548
Mississippi,Jefferson County,7501
Mississippi,Jefferson Davis County,11643
Mississippi,Jones County,68630
Mississippi,Kemper County,10116
Mississippi,Lafayette County,52743
Mississippi,Lamar County,60881
Mississippi,Lauderdale County,78336
Mississippi,Lawrence County,12672
Mississippi,Leake County,22779
Mississippi,Lee County,84743
Mississippi,Leflore County,30261
Mississippi,Lincoln County,34524
Mississippi,Lowndes County,59695
Mississippi,Madison County,102475
Mississippi,Marion County,25411
Mississippi,Marshall County,35892
Mississippi,Monroe County,35827
Mississippi,Montgomery County,10194
Mississippi,Neshoba County,29463
Mississippi,Newton County,21574
Mississippi,Noxubee County,10935
Mississippi,Oktibbeha County,49516
Mississippi,Panola County,34199
Mississippi,Pearl River County,54947
Mississippi,Perry County,12069
Mississippi,Pike County,39927
Mississippi,Pontotoc County,30857
Mississippi,Prentiss County,25441
Mississippi,Quitman County,7514
Mississippi,Rankin County,149429
Mississippi,Scott County,28446
Mississippi,Sharkey County,4567
Mississippi,Simpson County,27166
Mississippi,Smith County,16077
Mississippi,Stone County,18269
Mississippi,Sunflower County,26879
Mississippi,Tallahatchie County,14599
Mississippi,Tate County,28471
Mississippi,Tippah County,22005
Mississippi,Tishomingo County,19483
Mississippi,Tunica County,10267
Mississippi,Union County,28285
Mississippi,Walthall County,14607
Mississippi,Warren County,47507
Mississippi,Washington County,47965
Mississippi,Wayne County,20491
Mississippi,Webster County,9863
Mississippi,Wilkinson County,9090
Mississippi,Winston County,18446
Mississippi,Yalobusha County,12463
Mississippi,Yazoo County,27415
Missouri,Missouri,6071745
Missouri,Adair County,25307
Missouri,Andrew County,17318
Missouri,Atchison County,5293
Missouri,Audrain County,25937
Missouri,Barry County,35310
Missouri,Barton County,11829
Missouri,Bates County,16367
Missouri,Benton County,18788
Missouri,Bollinger County,12320
Missouri,Boone County,174585
Missouri,Buchanan County,89157
Missouri,Butler County,42816
Missouri,Caldwell County,9009
Missouri,Callaway County,44686
Missouri,Camden County,44743
Missouri,Cape Girardeau County,78233
Missouri,Carroll County,8879
Missouri,Carter County,6276
Missouri,Cass County,101348
Missouri,Cedar County,13783
Missouri,Chariton County,7595
Missouri,Christian County,83065
Missouri,Clark County,6808
Missouri,Clay County,235197
Missouri,Clinton County,20568
Missouri,Cole County,76839
Missouri,Cooper County,17608
Missouri,Crawford County,24488
Missouri,Dade County,7577
Missouri,Dallas County,16339
Missouri,Daviess County,8285
Missouri,DeKalb County,12548
Missouri,Dent County,15620
Missouri,Douglas County,13356
Missouri,Dunklin County,30818
Missouri,Franklin County,102277
Missouri,Gasconade County,14747
Missouri,Gentry County,6656
Missouri,Greene County,287302
Missouri,Grundy County,10026
Missouri,Harrison County,8621
Missouri,Henry County,21704
Missouri,Hickory County,9266
Missouri,Holt County,4483
Missouri,Howard County,10139
Missouri,Howell County,40078
Missouri,Iron County,10214
Missouri,Jackson County,686698
Missouri,Jasper County,118539
Missouri,Jefferson County,223085
Missouri,Johnson County,53497
Missouri,Knox County,3907
Missouri,Laclede County,35442
Missouri,Lafayette County,32609
Missouri,Lawrence County,37971
Missouri,Lewis County,10141
Missouri,Lincoln County,54604
Missouri,Linn County,12280
Missouri,Livingston County,14935
Missouri,McDonald County,22708
Missouri,Macon County,15279
Missouri,Madison County,12182
Missouri,Maries County,8959
Missouri,Marion County,28700
Missouri,Mercer County,3660
Missouri,Miller County,24872
Missouri,Mississippi County,13947
Missouri,Moniteau County,15862
Missouri,Monroe County,8633
Missouri,Montgomery County,11581
Missouri,Morgan County,20060
Missouri,New Madrid County,18087
Missouri,Newton County,58160
Missouri,Nodaway County,22609
Missouri,Oregon County,10848
Missouri,Osage County,13515
Missouri,Ozark County,9350
Missouri,Pemiscot County,17421
Missouri,Perry County,19070
Missouri,Pettis County,42323
Missouri,Phelps County,44806
Missouri,Pike County,18402
Missouri,Platte County,96434
Missouri,Polk County,31264
Missouri,Pulaski County,53169
Missouri,Putnam County,4858
Missouri,Ralls County,10161
Missouri,Randolph County,25030
Missouri,Ray County,22772
Missouri,Reynolds County,6297
Missouri,Ripley County,13788
Missouri,St. Charles County,385039
Missouri,St. Clair County,9412
Missouri,Ste. Genevieve County,17817
Missouri,St. Francois County,66228
Missouri,St. Louis County,1001213
Missouri,Saline County,23212
Missouri,Schuyler County,4502
Missouri,Scotland County,4820
Missouri,Scott County,38999
Missouri,Shannon County,8277
Missouri,Shelby County,6102
Missouri,Stoddard County,29733
Missouri,Stone County,31307
Missouri,Sullivan County,6363
Missouri,Taney County,54211
Missouri,Texas County,25652
Missouri,Vernon County,20758
Missouri,Warren County,33490
Missouri,Washington County,24786
Missouri,Wayne County,13420
Missouri,Webster County,37542
Missouri,Worth County,2042
Missouri,Wright County,18219
Missouri,St. Louis city,315878
Montana,Montana,1030503
Montana,Beaverhead County,9298
Montana,Big Horn County,13309
Montana,Blaine County,6674
Montana,Broadwater County,5713
Montana,Carbon County,10403
Montana,Carter County,1147
Montana,Cascade County,81887
Montana,Chouteau County,5772
Montana,Custer County,12075
Montana,Daniels County,1751
Montana,Dawson County,9572
Montana,Deer Lodge County,9104
Montana,Fallon County,3171
Montana,Fergus County,11306
Montana,Flathead County,95852
Montana,Gallatin County,100866
Montana,Garfield County,1284
Montana,Glacier County,13646
Montana,Golden Valley County,818
Montana,Granite County,3170
Montana,Hill County,16439
Montana,Jefferson County,11574
Montana,Judith Basin County,1931
Montana,Lake County,29453
Montana,Lewis and Clark County,66228
Montana,Liberty County,2392
Montana,Lincoln County,19053
Montana,McCone County,1699
Montana,Madison County,8034
Montana,Meagher County,1822
Montana,Mineral County,4187
Montana,Missoula County,114114
Montana,Musselshell County,4630
Montana,Park County,16006
Montana,Petroleum County,474
Montana,Phillips County,4146
Montana,Pondera County,6097
Montana,Powder River County,1768
Montana,Powell County,6800
Montana,Prairie County,1142
Montana,Ravalli County,41143
Montana,Richland County,11904
Montana,Roosevelt County,11415
Montana,Rosebud County,9353
Montana,Sanders County,11294
Montana,Sheridan County,3671
Montana,Silver Bow County,34691
Montana,Stillwater County,9436
Montana,Sweet Grass County,3620
Montana,Teton County,6068
Montana,Toole County,5079
Montana,Treasure County,684
Montana,Valley County,7623
Montana,Wheatland County,2110
Montana,Wibaux County,1071
Montana,Yellowstone County,156534
Nebraska,Nebraska,1891507
Nebraska,Adams County,31569
Nebraska,Antelope County,6413
Nebraska,Arthur County,451
Nebraska,Banner County,713
Nebraska,Blaine County,477
Nebraska,Boone County,5311
Nebraska,Box Butte County,11327
Nebraska,Boyd County,2000
Nebraska,Brown County,2982
Nebraska,Buffalo County,48615
Nebraska,Burt County,6535
Nebraska,Butler County,8056
Nebraska,Cass County,25413
Nebraska,Cedar County,8515
Nebraska,Chase County,3961
Nebraska,Cherry County,5818
Nebraska,Cheyenne County,10136
Nebraska,Clay County,6292
Nebraska,Colfax County,10734
Nebraska,Cuming County,9077
Nebraska,Custer County,10830
Nebraska,Dakota County,20566
Nebraska,Dawes County,8954
Nebraska,Dawson County,23903
Nebraska,Deuel County,1910
Nebraska,Dixon County,5765
Nebraska,Dodge County,36560
Nebraska,Douglas County,549052
Nebraska,Dundy County,1773
Nebraska,Fillmore County,5554
Nebraska,Franklin County,2977
Nebraska,Frontier County,2632
Nebraska,Furnas County,4830
Nebraska,Gage County,21706
Nebraska,Garden County,1916
Nebraska,Garfield County,2014
Nebraska,Gosper County,2025
Nebraska,Grant County,646
Nebraska,Greeley County,2435
Nebraska,Hall County,61149
Nebraska,Hamilton County,9140
Nebraska,Harlan County,3442
Nebraska,Hayes County,915
Nebraska,Hitchcock County,2883
Nebraska,Holt County,10268
Nebraska,Hooker County,714
Nebraska,Howard County,6382
Nebraska,Jefferson County,7213
Nebraska,Johnson County,5240
Nebraska,Kearney County,6556
Nebraska,Keith County,8132
Nebraska,Keya Paha County,797
Nebraska,Kimball County,3716
Nebraska,Knox County,8468
Nebraska,Lancaster County,306136
Nebraska,Lincoln County,35512
Nebraska,Logan County,790
Nebraska,Loup County,606
Nebraska,McPherson County,489
Nebraska,Madison County,35021
Nebraska,Merrick County,7801
Nebraska,Morrill County,4925
Nebraska,Nance County,3573
Nebraska,Nemaha County,7002
Nebraska,Nuckolls County,4316
Nebraska,Otoe County,15840
Nebraska,Pawnee County,2690
Nebraska,Perkins County,2937
Nebraska,Phelps County,9214
Nebraska,Pierce County,7189
Nebraska,Platte County,32890
Nebraska,Polk County,5179
Nebraska,Red Willow County,10886
Nebraska,Richardson County,8022
Nebraska,Rock County,1417
Nebraska,Saline County,14204
Nebraska,Sarpy County,175245
Nebraska,Saunders County,20946
Nebraska,Scotts Bluff County,36230
Nebraska,Seward County,16995
Nebraska,Sheridan County,5216
Nebraska,Sherman County,3036
Nebraska,Sioux County,1276
Nebraska,Stanton County,5942
Nebraska,Thayer County,5127
Nebraska,Thomas County,695
Nebraska,Thurston County,7072
Nebraska,Valley County,4168
Nebraska,Washington County,19922
Nebraska,Wayne County,9373
Nebraska,Webster County,3592
Nebraska,Wheeler County,779
Nebraska,York County,13796
Nevada,Nevada,2868666
Nevada,Churchill County,23934
Nevada,Clark County,2098105
Nevada,Douglas County,47424
Nevada,Elko County,51747
Nevada,Esmeralda County,830
Nevada,Eureka County,2029
Nevada,Humboldt County,17023
Nevada,Lander County,5884
Nevada,Lincoln County,5137
Nevada,Lyon County,51986
Nevada,Mineral County,4422
Nevada,Nye County,42988
Nevada,Pershing County,6624
Nevada,Storey County,3878
Nevada,Washoe County,442728
Nevada,White Pine County,9858
Nevada,Carson City,54069
New Hampshire,New Hampshire,1336294
New Hampshire,Belknap County,60347
New Hampshire,Carroll County,47392
New Hampshire,Cheshire County,76261
New Hampshire,Coos County,32332
New Hampshire,Grafton County,89415
New Hampshire,Hillsborough County,408811
New Hampshire,Merrimack County,148670
New Hampshire,Rockingham County,302930
New Hampshire,Strafford County,126978
New Hampshire,Sullivan County,43158
New Jersey,New Jersey,8870869
New Jersey,Atlantic County,270471
New Jersey,Bergen County,926997
New Jersey,Burlington County,446923
New Jersey,Camden County,507784
New Jersey,Cape May County,94180
New Jersey,Cumberland County,154838
New Jersey,Essex County,790508
New Jersey,Gloucester County,290823
New Jersey,Hudson County,664744
New Jersey,Hunterdon County,125396
New Jersey,Mercer County,368352
New Jersey,Middlesex County,825867
New Jersey,Monmouth County,624320
New Jersey,Morris County,494432
New Jersey,Ocean County,587137
New Jersey,Passaic County,504588
New Jersey,Salem County,63720
New Jersey,Somerset County,329678
New Jersey,Sussex County,142996
New Jersey,Union County,550367
New Jersey,Warren County,106748
New Mexico,New Mexico,2090211
New Mexico,Bernalillo County,676678
New Mexico,Catron County,3480
New Mexico,Chaves County,65878
New Mexico,Cibola County,27047
New Mexico,Colfax County,12449
New Mexico,Curry County,50299
New Mexico,De Baca County,1871
New Mexico,Doa Ana County,214151
New Mexico,Eddy County,57724
New Mexico,Grant County,28361
New Mexico,Guadalupe County,4351
New Mexico,Harding County,719
New Mexico,Hidalgo County,4436
New Mexico,Lea County,71496
New Mexico,Lincoln County,19365
New Mexico,Los Alamos County,17830
New Mexico,Luna County,24382
New Mexico,McKinley County,73461
New Mexico,Mora County,4613
New Mexico,Otero County,64739
New Mexico,Quay County,8446
New Mexico,Rio Arriba County,39364
New Mexico,Roosevelt County,19140
New Mexico,Sandoval County,138531
New Mexico,San Juan County,128261
New Mexico,San Miguel County,28233
New Mexico,Santa Fe County,148206
New Mexico,Sierra County,11235
New Mexico,Socorro County,17146
New Mexico,Taos County,32814
New Mexico,Torrance County,15608
New Mexico,Union County,4166
New Mexico,Valencia County,75731
New York,New York,19661411
New York,Albany County,307476
New York,Allegany County,47324
New York,Bronx County,1440726
New York,Broome County,195794
New York,Cattaraugus County,77951
New York,Cayuga County,78300
New York,Chautauqua County,130634
New York,Chemung County,86718
New York,Chenango County,48772
New York,Clinton County,80723
New York,Columbia County,61453
New York,Cortland County,48296
New York,Delaware County,45954
New York,Dutchess County,294108
New York,Erie County,920543
New York,Essex County,37958
New York,Franklin County,50542
New York,Fulton County,53800
New York,Genesee County,58470
New York,Greene County,47634
New York,Hamilton County,4699
New York,Herkimer County,62654
New York,Jefferson County,116403
New York,Kings County,2610607
New York,Lewis County,26830
New York,Livingston County,64318
New York,Madison County,71672
New York,Monroe County,745376
New York,Montgomery County,49579
New York,Nassau County,1355319
New York,New York County,1636713
New York,Niagara County,212366
New York,Oneida County,231234
New York,Onondaga County,466233
New York,Ontario County,109285
New York,Orange County,376152
New York,Orleans County,41457
New York,Oswego County,119728
New York,Otsego County,60497
New York,Putnam County,99219
New York,Queens County,2307614
New York,Rensselaer County,159456
New York,Richmond County,472521
New York,Rockland County,323078
New York,St. Lawrence County,110331
New York,Saratoga County,226053
New York,Schenectady County,154738
New York,Schoharie County,31408
New York,Schuyler County,18013
New York,Seneca County,34814
New York,Steuben County,97524
New York,Suffolk County,1492278
New York,Sullivan County,74854
New York,Tioga County,49360
New York,Tompkins County,103018
New York,Ulster County,179692
New York,Warren County,64411
New York,Washington County,62225
New York,Wayne County,91284
New York,Westchester County,969220
New York,Wyoming County,40922
New York,Yates County,25080
North Carolina,North Carolina,10033079
North Carolina,Alamance County,157100
North Carolina,Alexander County,36960
North Carolina,Alleghany County,10861
North Carolina,Anson County,25620
North Carolina,Ashe County,26637
North Carolina,Avery County,17455
North Carolina,Beaufort County,47385
North Carolina,Bertie County,20167
North Carolina,Bladen County,34140
North Carolina,Brunswick County,122211
North Carolina,Buncombe County,251973
North Carolina,Burke County,89324
North Carolina,Cabarrus County,196215
North Carolina,Caldwell County,81512
North Carolina,Camden County,10284
North Carolina,Carteret County,68711
North Carolina,Caswell County,22822
North Carolina,Catawba County,155571
North Carolina,Chatham County,68256
North Carolina,Cherokee County,27098
North Carolina,Chowan County,14249
North Carolina,Clay County,10619
North Carolina,Cleveland County,96885
North Carolina,Columbus County,56666
North Carolina,Craven County,102906
North Carolina,Cumberland County,331278
North Carolina,Currituck County,25112
North Carolina,Dare County,35432
North Carolina,Davidson County,163575
North Carolina,Davie County,41655
North Carolina,Duplin County,58892
North Carolina,Durham County,300755
North Carolina,Edgecombe County,53744
North Carolina,Forsyth County,367348
North Carolina,Franklin County,63630
North Carolina,Gaston County,212971
North Carolina,Gates County,11529
North Carolina,Graham County,8598
North Carolina,Granville County,58182
North Carolina,Greene County,20952
North Carolina,Guilford County,517414
North Carolina,Halifax County,52178
North Carolina,Harnett County,128027
North Carolina,Haywood County,59636
North Carolina,Henderson County,111926
North Carolina,Hertford County,24380
North Carolina,Hoke County,52728
North Carolina,Hyde County,5428
North Carolina,Iredell County,169497
North Carolina,Jackson County,41281
North Carolina,Johnston County,185135
North Carolina,Jones County,9785
North Carolina,Lee County,59440
North Carolina,Lenoir County,57994
North Carolina,Lincoln County,80535
North Carolina,McDowell County,44976
North Carolina,Macon County,34078
North Carolina,Madison County,21138
North Carolina,Martin County,23262
North Carolina,Mecklenburg County,1033282
North Carolina,Mitchell County,15063
North Carolina,Montgomery County,27456
North Carolina,Moore County,94014
North Carolina,Nash County,93805
North Carolina,New Hanover County,219440
North Carolina,Northampton County,20538
North Carolina,Onslow County,193037
North Carolina,Orange County,141379
North Carolina,Pamlico County,12743
North Carolina,Pasquotank County,39407
North Carolina,Pender County,57455
North Carolina,Perquimans County,13467
North Carolina,Person County,39206
North Carolina,Pitt County,176098
North Carolina,Polk County,20401
North Carolina,Randolph County,142634
North Carolina,Richmond County,45435
North Carolina,Robeson County,134461
North Carolina,Rockingham County,91676
North Carolina,Rowan County,138588
North Carolina,Rutherford County,66388
North Carolina,Sampson County,63605
North Carolina,Scotland County,35330
North Carolina,Stanly County,60635
North Carolina,Stokes County,46146
North Carolina,Surry County,71971
North Carolina,Swain County,14328
North Carolina,Transylvania County,33167
North Carolina,Tyrrell County,4137
North Carolina,Union County,222017
North Carolina,Vance County,44480
North Carolina,Wake County,1022431
North Carolina,Warren County,20213
North Carolina,Washington County,12282
North Carolina,Watauga County,53062
North Carolina,Wayne County,124428
North Carolina,Wilkes County,68291
North Carolina,Wilson County,81281
North Carolina,Yadkin County,37628
North Carolina,Yancey County,17556
North Dakota,North Dakota,754022
North Dakota,Adams County,2398
North Dakota,Barnes County,11005
North Dakota,Benson County,6817
North Dakota,Billings County,947
North Dakota,Bottineau County,6734
North Dakota,Bowman County,3280
North Dakota,Burke County,2344
North Dakota,Burleigh County,93180
North Dakota,Cass County,170734
North Dakota,Cavalier County,3826
North Dakota,Dickey County,5042
North Dakota,Divide County,2456
North Dakota,Dunn County,4579
North Dakota,Eddy County,2305
North Dakota,Emmons County,3399
North Dakota,Foster County,3327
North Dakota,Golden Valley County,1879
North Dakota,Grand Forks County,70371
North Dakota,Grant County,2397
North Dakota,Griggs County,2287
North Dakota,Hettinger County,2656
North Dakota,Kidder County,2448
North Dakota,LaMoure County,4136
North Dakota,Logan County,1929
North Dakota,McHenry County,5975
North Dakota,McIntosh County,2722
North Dakota,McKenzie County,12781
North Dakota,McLean County,9660
North Dakota,Mercer County,8786
North Dakota,Morton County,30239
North Dakota,Mountrail County,10299
North Dakota,Nelson County,2918
North Dakota,Oliver County,1866
North Dakota,Pembina County,7035
North Dakota,Pierce County,4274
North Dakota,Ramsey County,11647
North Dakota,Ransom County,5452
North Dakota,Renville County,2552
North Dakota,Richland County,16287
North Dakota,Rolette County,14694
North Dakota,Sargent County,3868
North Dakota,Sheridan County,1310
North Dakota,Sioux County,4376
North Dakota,Slope County,781
North Dakota,Stark County,31869
North Dakota,Steele County,1915
North Dakota,Stutsman County,21050
North Dakota,Towner County,2250
North Dakota,Traill County,7993
North Dakota,Walsh County,10845
North Dakota,Ward County,70712
North Dakota,Wells County,4102
North Dakota,Williams County,35288
Ohio,Ohio,11617850
Ohio,Adams County,27946
Ohio,Allen County,104069
Ohio,Ashland County,53289
Ohio,Ashtabula County,98372
Ohio,Athens County,65948
Ohio,Auglaize County,45761
Ohio,Belmont County,68957
Ohio,Brown County,43695
Ohio,Butler County,376029
Ohio,Carroll County,27718
Ohio,Champaign County,38951
Ohio,Clark County,135740
Ohio,Clermont County,201942
Ohio,Clinton County,41817
Ohio,Columbiana County,104734
Ohio,Coshocton County,36578
Ohio,Crawford County,42320
Ohio,Cuyahoga County,1258923
Ohio,Darke County,51973
Ohio,Defiance County,38328
Ohio,Delaware County,193298
Ohio,Erie County,75369
Ohio,Fairfield County,151202
Ohio,Fayette County,28598
Ohio,Franklin County,1257552
Ohio,Fulton County,42291
Ohio,Gallia County,30234
Ohio,Geauga County,93929
Ohio,Greene County,164279
Ohio,Guernsey County,39386
Ohio,Hamilton County,809606
Ohio,Hancock County,75635
Ohio,Hardin County,31627
Ohio,Harrison County,15391
Ohio,Henry County,27470
Ohio,Highland County,42952
Ohio,Hocking County,28498
Ohio,Holmes County,43881
Ohio,Huron County,58320
Ohio,Jackson County,32560
Ohio,Jefferson County,67489
Ohio,Knox County,60987
Ohio,Lake County,229878
Ohio,Lawrence County,60916
Ohio,Licking County,170612
Ohio,Logan County,45266
Ohio,Lorain County,305402
Ohio,Lucas County,433585
Ohio,Madison County,44128
Ohio,Mahoning County,231904
Ohio,Marion County,65382
Ohio,Medina County,176152
Ohio,Meigs County,23178
Ohio,Mercer County,40720
Ohio,Miami County,104082
Ohio,Monroe County,14260
Ohio,Montgomery County,531837
Ohio,Morgan County,14741
Ohio,Morrow County,34951
Ohio,Muskingum County,86174
Ohio,Noble County,14470
Ohio,Ottawa County,40754
Ohio,Paulding County,18954
Ohio,Perry County,35972
Ohio,Pickaway County,56993
Ohio,Pike County,28244
Ohio,Portage County,162615
Ohio,Preble County,41289
Ohio,Putnam County,34019
Ohio,Richland County,121702
Ohio,Ross County,77050
Ohio,Sandusky County,59462
Ohio,Scioto County,76849
Ohio,Seneca County,55637
Ohio,Shelby County,48980
Ohio,Stark County,374710
Ohio,Summit County,541833
Ohio,Trumbull County,203336
Ohio,Tuscarawas County,92773
Ohio,Union County,54353
Ohio,Van Wert County,28325
Ohio,Vinton County,13083
Ohio,Warren County,223900
Ohio,Washington County,61007
Ohio,Wayne County,116240
Ohio,Williams County,37004
Ohio,Wood County,129306
Ohio,Wyandot County,22178
Oklahoma,Oklahoma,3909831
Oklahoma,Adair County,22107
Oklahoma,Alfalfa County,5903
Oklahoma,Atoka County,13883
Oklahoma,Beaver County,5445
Oklahoma,Beckham County,23561
Oklahoma,Blaine County,9749
Oklahoma,Bryan County,45041
Oklahoma,Caddo County,29429
Oklahoma,Canadian County,133229
Oklahoma,Carter County,48556
Oklahoma,Cherokee County,48373
Oklahoma,Choctaw County,14976
Oklahoma,Cimarron County,2204
Oklahoma,Cleveland County,274081
Oklahoma,Coal County,5593
Oklahoma,Comanche County,124047
Oklahoma,Cotton County,5991
Oklahoma,Craig County,14709
Oklahoma,Creek County,70759
Oklahoma,Custer County,29482
Oklahoma,Delaware County,41647
Oklahoma,Dewey County,4970
Oklahoma,Ellis County,4225
Oklahoma,Garfield County,63285
Oklahoma,Garvin County,27901
Oklahoma,Grady County,54598
Oklahoma,Grant County,4486
Oklahoma,Greer County,6029
Oklahoma,Harmon County,2765
Oklahoma,Harper County,3847
Oklahoma,Haskell County,12700
Oklahoma,Hughes County,13586
Oklahoma,Jackson County,25467
Oklahoma,Jefferson County,6268
Oklahoma,Johnston County,10957
Oklahoma,Kay County,45274
Oklahoma,Kingfisher County,15556
Oklahoma,Kiowa County,9113
Oklahoma,Latimer County,10602
Oklahoma,Le Flore County,49784
Oklahoma,Lincoln County,34930
Oklahoma,Logan County,45360
Oklahoma,Love County,9785
Oklahoma,McClain County,37985
Oklahoma,McCurtain County,33124
Oklahoma,McIntosh County,19816
Oklahoma,Major County,7759
Oklahoma,Marshall County,16260
Oklahoma,Mayes County,40885
Oklahoma,Murray County,13852
Oklahoma,Muskogee County,69331
Oklahoma,Noble County,11534
Oklahoma,Nowata County,10507
Oklahoma,Okfuskee County,12116
Oklahoma,Oklahoma County,777829
Oklahoma,Okmulgee County,39079
Oklahoma,Osage County,47342
Oklahoma,Ottawa County,31845
Oklahoma,Pawnee County,16448
Oklahoma,Payne County,81324
Oklahoma,Pittsburg County,44711
Oklahoma,Pontotoc County,38354
Oklahoma,Pottawatomie County,71495
Oklahoma,Pushmataha County,11144
Oklahoma,Roger Mills County,3776
Oklahoma,Rogers County,90144
Oklahoma,Seminole County,25401
Oklahoma,Sequoyah County,41374
Oklahoma,Stephens County,44607
Oklahoma,Texas County,21439
Oklahoma,Tillman County,7584
Oklahoma,Tulsa County,640979
Oklahoma,Wagoner County,76770
Oklahoma,Washington County,52106
Oklahoma,Washita County,11756
Oklahoma,Woods County,9293
Oklahoma,Woodward County,21609
Oregon,Oregon,4016918
Oregon,Baker County,15873
Oregon,Benton County,88270
Oregon,Clackamas County,399799
Oregon,Clatsop County,37800
Oregon,Columbia County,49656
Oregon,Coos County,62654
Oregon,Crook County,21459
Oregon,Curry County,22296
Oregon,Deschutes County,174244
Oregon,Douglas County,107191
Oregon,Gilliam County,1868
Oregon,Grant County,7209
Oregon,Harney County,7149
Oregon,Hood River County,22955
Oregon,Jackson County,211432
Oregon,Jefferson County,22555
Oregon,Josephine County,84508
Oregon,Klamath County,65661
Oregon,Lake County,7782
Oregon,Lane County,362047
Oregon,Lincoln County,47008
Oregon,Linn County,120244
Oregon,Malheur County,30237
Oregon,Marion County,329287
Oregon,Morrow County,11147
Oregon,Multnomah County,790230
Oregon,Polk County,78991
Oregon,Sherman County,1689
Oregon,Tillamook County,25567
Oregon,Umatilla County,76498
Oregon,Union County,25698
Oregon,Wallowa County,6812
Oregon,Wasco County,25455
Oregon,Washington County,572872
Oregon,Wheeler County,1326
Oregon,Yamhill County,101449
Pennsylvania,Pennsylvania,12785759
Pennsylvania,Adams County,101776
Pennsylvania,Allegheny County,1228965
Pennsylvania,Armstrong County,66753
Pennsylvania,Beaver County,168267
Pennsylvania,Bedford County,48735
Pennsylvania,Berks County,415193
Pennsylvania,Blair County,124585
Pennsylvania,Bradford County,61648
Pennsylvania,Bucks County,625366
Pennsylvania,Butler County,185937
Pennsylvania,Cambria County,136029
Pennsylvania,Cameron County,4775
Pennsylvania,Carbon County,63773
Pennsylvania,Centre County,160442
Pennsylvania,Chester County,515137
Pennsylvania,Clarion County,38871
Pennsylvania,Clearfield County,80717
Pennsylvania,Clinton County,39381
Pennsylvania,Columbia County,66702
Pennsylvania,Crawford County,86510
Pennsylvania,Cumberland County,245766
Pennsylvania,Dauphin County,273138
Pennsylvania,Delaware County,563161
Pennsylvania,Elk County,30892
Pennsylvania,Erie County,278182
Pennsylvania,Fayette County,133224
Pennsylvania,Forest County,7377
Pennsylvania,Franklin County,153074
Pennsylvania,Fulton County,14505
Pennsylvania,Greene County,37400
Pennsylvania,Huntingdon County,45485
Pennsylvania,Indiana County,86773
Pennsylvania,Jefferson County,44345
Pennsylvania,Juniata County,24437
Pennsylvania,Lackawanna County,211904
Pennsylvania,Lancaster County,535737
Pennsylvania,Lawrence County,88113
Pennsylvania,Lebanon County,137491
Pennsylvania,Lehigh County,359720
Pennsylvania,Luzerne County,317978
Pennsylvania,Lycoming County,115576
Pennsylvania,McKean County,42406
Pennsylvania,Mercer County,113633
Pennsylvania,Mifflin County,46433
Pennsylvania,Monroe County,166598
Pennsylvania,Montgomery County,817373
Pennsylvania,Montour County,18292
Pennsylvania,Northampton County,300120
Pennsylvania,Northumberland County,92890
Pennsylvania,Perry County,45848
Pennsylvania,Philadelphia County,1571258
Pennsylvania,Pike County,55350
Pennsylvania,Potter County,17085
Pennsylvania,Schuylkill County,144129
Pennsylvania,Snyder County,40523
Pennsylvania,Somerset County,75396
Pennsylvania,Sullivan County,6267
Pennsylvania,Susquehanna County,41783
Pennsylvania,Tioga County,41520
Pennsylvania,Union County,45551
Pennsylvania,Venango County,52956
Pennsylvania,Warren County,40327
Pennsylvania,Washington County,207727
Pennsylvania,Wayne County,51812
Pennsylvania,Westmoreland County,357034
Pennsylvania,Wyoming County,27808
Pennsylvania,York County,441800
Rhode Island,Rhode Island,1056173
Rhode Island,Bristol County,49115
Rhode Island,Kent County,163750
Rhode Island,Newport County,83268
Rhode Island,Providence County,633856
Rhode Island,Washington County,126184
South Carolina,South Carolina,4892253
South Carolina,Abbeville County,24775
South Carolina,Aiken County,165657
South Carolina,Allendale County,9420
South Carolina,Anderson County,193743
South Carolina,Bamberg County,14689
South Carolina,Barnwell County,21782
South Carolina,Beaufort County,179825
South Carolina,Berkeley County,203035
South Carolina,Calhoun County,14760
South Carolina,Charleston County,389299
South Carolina,Cherokee County,56511
South Carolina,Chester County,32395
South Carolina,Chesterfield County,46156
South Carolina,Clarendon County,33978
South Carolina,Colleton County,37452
South Carolina,Darlington County,67519
South Carolina,Dillon County,31165
South Carolina,Dorchester County,152854
South Carolina,Edgefield County,26767
South Carolina,Fairfield County,22878
South Carolina,Florence County,138740
South Carolina,Georgetown County,61483
South Carolina,Greenville County,490860
South Carolina,Greenwood County,70010
South Carolina,Hampton County,19966
South Carolina,Horry County,308956
South Carolina,Jasper County,27428
South Carolina,Kershaw County,63648
South Carolina,Lancaster County,86322
South Carolina,Laurens County,66474
South Carolina,Lee County,17798
South Carolina,Lexington County,281779
South Carolina,McCormick County,9661
South Carolina,Marion County,31767
South Carolina,Marlboro County,27574
South Carolina,Newberry County,37776
South Carolina,Oconee County,75888
South Carolina,Orangeburg County,89170
South Carolina,Pickens County,121521
South Carolina,Richland County,405992
South Carolina,Saluda County,20187
South Carolina,Spartanburg County,296580
South Carolina,Sumter County,107173
South Carolina,Union County,27736
South Carolina,Williamsburg County,32518
South Carolina,York County,250586
South Dakota,South Dakota,853933
South Dakota,Aurora County,2740
South Dakota,Beadle County,18120
South Dakota,Bennett County,3401
South Dakota,Bon Homme County,6947
South Dakota,Brookings County,33796
South Dakota,Brown County,38410
South Dakota,Brule County,5240
South Dakota,Buffalo County,2097
South Dakota,Butte County,10203
South Dakota,Campbell County,1413
South Dakota,Charles Mix County,9361
South Dakota,Clark County,3652
South Dakota,Clay County,13764
South Dakota,Codington County,27886
South Dakota,Corson County,4176
South Dakota,Custer County,8444
South Dakota,Davison County,19908
South Dakota,Day County,5496
South Dakota,Deuel County,4325
South Dakota,Dewey County,5698
South Dakota,Douglas County,2949
South Dakota,Edmunds County,3994
South Dakota,Fall River County,6796
South Dakota,Faulk County,2307
South Dakota,Grant County,7220
South Dakota,Gregory County,4192
South Dakota,Haakon County,1850
South Dakota,Hamlin County,5982
South Dakota,Hand County,3306
South Dakota,Hanson County,3389
South Dakota,Harding County,1268
South Dakota,Hughes County,17551
South Dakota,Hutchinson County,7268
South Dakota,Hyde County,1386
South Dakota,Jackson County,3276
South Dakota,Jerauld County,2020
South Dakota,Jones County,917
South Dakota,Kingsbury County,4953
South Dakota,Lake County,12333
South Dakota,Lawrence County,24825
South Dakota,Lincoln County,52962
South Dakota,Lyman County,3880
South Dakota,McCook County,5474
South Dakota,McPherson County,2397
South Dakota,Marshall County,4814
South Dakota,Meade County,26772
South Dakota,Mellette County,2024
South Dakota,Miner County,2208
South Dakota,Minnehaha County,183485
South Dakota,Moody County,6451
South Dakota,Oglala Lakota County,14360
South Dakota,Pennington County,108068
South Dakota,Perkins County,2975
South Dakota,Potter County,2292
South Dakota,Roberts County,10204
South Dakota,Sanborn County,2348
South Dakota,Spink County,6554
South Dakota,Stanley County,2975
South Dakota,Sully County,1402
South Dakota,Todd County,10034
South Dakota,Tripp County,5418
South Dakota,Turner County,8132
South Dakota,Union County,14918
South Dakota,Walworth County,5405
South Dakota,Yankton County,22684
South Dakota,Ziebach County,2838
Tennessee,Tennessee,6590808
Tennessee,Anderson County,75485
Tennessee,Bedford County,46922
Tennessee,Benton County,16184
Tennessee,Bledsoe County,14489
Tennessee,Blount County,126869
Tennessee,Bradley County,103714
Tennessee,Campbell County,39683
Tennessee,Cannon County,13743
Tennessee,Carroll County,27968
Tennessee,Carter County,56374
Tennessee,Cheatham County,39573
Tennessee,Chester County,17106
Tennessee,Claiborne County,31535
Tennessee,Clay County,7691
Tennessee,Cocke County,35068
Tennessee,Coffee County,54092
Tennessee,Crockett County,14592
Tennessee,Cumberland County,58137
Tennessee,Davidson County,680884
Tennessee,Decatur County,11595
Tennessee,DeKalb County,19308
Tennessee,Dickson County,51327
Tennessee,Dyer County,37775
Tennessee,Fayette County,39231
Tennessee,Fentress County,17859
Tennessee,Franklin County,41320
Tennessee,Gibson County,49215
Tennessee,Giles County,28967
Tennessee,Grainger County,22844
Tennessee,Greene County,68521
Tennessee,Grundy County,13335
Tennessee,Hamblen County,63375
Tennessee,Hamilton County,353769
Tennessee,Hancock County,6579
Tennessee,Hardeman County,25782
Tennessee,Hardin County,25754
Tennessee,Hawkins County,56251
Tennessee,Haywood County,17985
Tennessee,Henderson County,27969
Tennessee,Henry County,32134
Tennessee,Hickman County,24378
Tennessee,Houston County,8123
Tennessee,Humphreys County,18143
Tennessee,Jackson County,11526
Tennessee,Jefferson County,52981
Tennessee,Johnson County,17833
Tennessee,Knox County,451161
Tennessee,Lake County,7573
Tennessee,Lauderdale County,26916
Tennessee,Lawrence County,42450
Tennessee,Lewis County,11884
Tennessee,Lincoln County,33607
Tennessee,Loudon County,50909
Tennessee,McMinn County,52469
Tennessee,McNairy County,25864
Tennessee,Macon County,23052
Tennessee,Madison County,97578
Tennessee,Marion County,28383
Tennessee,Marshall County,31543
Tennessee,Maury County,87405
Tennessee,Meigs County,11790
Tennessee,Monroe County,45655
Tennessee,Montgomery County,192469
Tennessee,Moore County,6255
Tennessee,Morgan County,21485
Tennessee,Obion County,30574
Tennessee,Overton County,22062
Tennessee,Perry County,7848
Tennessee,Pickett County,5133
Tennessee,Polk County,16771
Tennessee,Putnam County,75071
Tennessee,Rhea County,32372
Tennessee,Roane County,52728
Tennessee,Robertson County,68466
Tennessee,Rutherford County,297949
Tennessee,Scott County,21889
Tennessee,Sequatchie County,14635
Tennessee,Sevier County,95386
Tennessee,Shelby County,937953
Tennessee,Smith County,19228
Tennessee,Stewart County,13197
Tennessee,Sullivan County,156310
Tennessee,Sumner County,175247
Tennessee,Tipton County,61535
Tennessee,Trousdale County,8045
Tennessee,Unicoi County,17791
Tennessee,Union County,19160
Tennessee,Van Buren County,5693
Tennessee,Warren County,40269
Tennessee,Washington County,126116
Tennessee,Wayne County,16680
Tennessee,Weakley County,33847
Tennessee,White County,26367
Tennessee,Williamson County,211524
Tennessee,Wilson County,128526
Texas,Texas,27486814
Texas,Anderson County,57646
Texas,Andrews County,18083
Texas,Angelina County,87874
Texas,Aransas County,24815
Texas,Archer County,8758
Texas,Armstrong County,1901
Texas,Atascosa County,48349
Texas,Austin County,29473
Texas,Bailey County,7222
Texas,Bandera County,21148
Texas,Bastrop County,80281
Texas,Baylor County,3609
Texas,Bee County,32612
Texas,Bell County,336174
Texas,Bexar County,1896116
Texas,Blanco County,11042
Texas,Borden County,655
Texas,Bosque County,17868
Texas,Bowie County,93494
Texas,Brazoria County,345617
Texas,Brazos County,216450
Texas,Brewster County,9136
Texas,Briscoe County,1515
Texas,Brooks County,7200
Texas,Brown County,37749
Texas,Burleson County,17614
Texas,Burnet County,44753
Texas,Caldwell County,40442
Texas,Calhoun County,21906
Texas,Callahan County,13591
Texas,Cameron County,420058
Texas,Camp County,12708
Texas,Carson County,6011
Texas,Cass County,30141
Texas,Castro County,7797
Texas,Chambers County,39068
Texas,Cherokee County,51594
Texas,Childress County,7167
Texas,Clay County,10357
Texas,Cochran County,2975
Texas,Coke County,3227
Texas,Coleman County,8316
Texas,Collin County,915665
Texas,Collingsworth County,3013
Texas,Colorado County,20929
Texas,Comal County,128783
Texas,Comanche County,13389
Texas,Concho County,4175
Texas,Cooke County,39173
Texas,Coryell County,76197
Texas,Cottle County,1439
Texas,Crane County,5002
Texas,Crockett County,3738
Texas,Crosby County,5917
Texas,Culberson County,2256
Texas,Dallam County,7288
Texas,Dallas County,2558913
Texas,Dawson County,12990
Texas,Deaf Smith County,18851
Texas,Delta County,5157
Texas,Denton County,779528
Texas,DeWitt County,20634
Texas,Dickens County,2208
Texas,Dimmit County,10939
Texas,Donley County,3392
Texas,Duval County,11342
Texas,Eastland County,18165
Texas,Ector County,159933
Texas,Edwards County,1912
Texas,Ellis County,163391
Texas,El Paso County,833961
Texas,Erath County,41195
Texas,Falls County,17231
Texas,Fannin County,33500
Texas,Fayette County,24964
Texas,Fisher County,3893
Texas,Floyd County,5851
Texas,Foard County,1226
Texas,Fort Bend County,715067
Texas,Franklin County,10606
Texas,Freestone County,19745
Texas,Frio County,19269
Texas,Gaines County,20241
Texas,Galveston County,321003
Texas,Garza County,6418
Texas,Gillespie County,25954
Texas,Glasscock County,1379
Texas,Goliad County,7510
Texas,Gonzales County,20532
Texas,Gray County,23251
Texas,Grayson County,125647
Texas,Gregg County,123915
Texas,Grimes County,27305
Texas,Guadalupe County,150665
Texas,Hale County,34066
Texas,Hall County,3096
Texas,Hamilton County,8079
Texas,Hansford County,5647
Texas,Hardeman County,3915
Texas,Hardin County,55761
Texas,Harris County,4561939
Texas,Harrison County,66710
Texas,Hartley County,5700
Texas,Haskell County,5843
Texas,Hays County,194591
Texas,Hemphill County,4273
Texas,Henderson County,79507
Texas,Hidalgo County,841061
Texas,Hill County,34871
Texas,Hockley County,23317
Texas,Hood County,55290
Texas,Hopkins County,35990
Texas,Houston County,22758
Texas,Howard County,37282
Texas,Hudspeth County,3539
Texas,Hunt County,89719
Texas,Hutchinson County,21810
Texas,Irion County,1543
Texas,Jack County,8883
Texas,Jackson County,14810
Texas,Jasper County,35260
Texas,Jeff Davis County,2199
Texas,Jefferson County,255232
Texas,Jim Hogg County,5307
Texas,Jim Wells County,41526
Texas,Johnson County,159368
Texas,Jones County,19972
Texas,Karnes County,15400
Texas,Kaufman County,114140
Texas,Kendall County,39965
Texas,Kenedy County,440
Texas,Kent County,747
Texas,Kerr County,50854
Texas,Kimble County,4393
Texas,King County,281
Texas,Kinney County,3608
Texas,Kleberg County,31487
Texas,Knox County,3794
Texas,Lamar County,49380
Texas,Lamb County,13265
Texas,Lampasas County,20379
Texas,La Salle County,7650
Texas,Lavaca County,19916
Texas,Lee County,16873
Texas,Leon County,17034
Texas,Liberty County,79611
Texas,Limestone County,23475
Texas,Lipscomb County,3563
Texas,Live Oak County,12177
Texas,Llano County,20083
Texas,Loving County,119
Texas,Lubbock County,298365
Texas,Lynn County,5747
Texas,McCulloch County,8259
Texas,McLennan County,245523
Texas,McMullen County,835
Texas,Madison County,13970
Texas,Marion County,10135
Texas,Martin County,5653
Texas,Mason County,4058
Texas,Matagorda County,36775
Texas,Maverick County,57806
Texas,Medina County,48419
Texas,Menard County,2134
Texas,Midland County,162359
Texas,Milam County,24370
Texas,Mills County,4889
Texas,Mitchell County,8864
Texas,Montague County,19257
Texas,Montgomery County,536124
Texas,Moore County,21825
Texas,Morris County,12369
Texas,Motley County,1146
Texas,Nacogdoches County,65538
Texas,Navarro County,48209
Texas,Newton County,14159
Texas,Nolan County,15100
Texas,Nueces County,360616
Texas,Ochiltree County,10717
Texas,Oldham County,2064
Texas,Orange County,83946
Texas,Palo Pinto County,27966
Texas,Panola County,23665
Texas,Parker County,125696
Texas,Parmer County,9823
Texas,Pecos County,16012
Texas,Polk County,46632
Texas,Potter County,121385
Texas,Presidio County,7089
Texas,Rains County,11136
Texas,Randall County,130443
Texas,Reagan County,3811
Texas,Real County,3297
Texas,Red River County,12355
Texas,Reeves County,14955
Texas,Refugio County,7324
Texas,Roberts County,910
Texas,Robertson County,16701
Texas,Rockwall County,90169
Texas,Runnels County,10394
Texas,Rusk County,53006
Texas,Sabine County,10445
Texas,San Augustine County,8347
Texas,San Jacinto County,27358
Texas,San Patricio County,67126
Texas,San Saba County,5930
Texas,Schleicher County,3195
Texas,Scurry County,17566
Texas,Shackelford County,3337
Texas,Shelby County,25414
Texas,Sherman County,3051
Texas,Smith County,222447
Texas,Somervell County,8620
Texas,Starr County,63595
Texas,Stephens County,9390
Texas,Sterling County,1336
Texas,Stonewall County,1399
Texas,Sutton County,3916
Texas,Swisher County,7484
Texas,Tarrant County,1985924
Texas,Taylor County,136141
Texas,Terrell County,870
Texas,Terry County,12757
Texas,Throckmorton County,1559
Texas,Titus County,32697
Texas,Tom Green County,117501
Texas,Travis County,1180173
Texas,Trinity County,14544
Texas,Tyler County,21372
Texas,Upshur County,40339
Texas,Upton County,3656
Texas,Uvalde County,26968
Texas,Val Verde County,48951
Texas,Van Zandt County,53444
Texas,Victoria County,92178
Texas,Walker County,70861
Texas,Waller County,48663
Texas,Ward County,11633
Texas,Washington County,34833
Texas,Webb County,270120
Texas,Wharton County,41426
Texas,Wheeler County,5664
Texas,Wichita County,131034
Texas,Wilbarger County,13067
Texas,Willacy County,21902
Texas,Williamson County,507104
Texas,Wilson County,47185
Texas,Winkler County,8013
Texas,Wise County,62857
Texas,Wood County,43119
Texas,Yoakum County,8648
Texas,Young County,18165
Texas,Zapata County,14511
Texas,Zavala County,12322
Utah,Utah,2982497
Utah,Beaver County,6351
Utah,Box Elder County,51832
Utah,Cache County,119774
Utah,Carbon County,20385
Utah,Daggett County,1105
Utah,Davis County,334676
Utah,Duchesne County,20756
Utah,Emery County,10359
Utah,Garfield County,4969
Utah,Grand County,9555
Utah,Iron County,48120
Utah,Juab County,10541
Utah,Kane County,7040
Utah,Millard County,12627
Utah,Morgan County,11046
Utah,Piute County,1491
Utah,Rich County,2300
Utah,Salt Lake County,1102629
Utah,San Juan County,15240
Utah,Sanpete County,28663
Utah,Sevier County,20860
Utah,Summit County,39647
Utah,Tooele County,62617
Utah,Uintah County,37783
Utah,Utah County,572650
Utah,Wasatch County,29147
Utah,Washington County,154680
Utah,Wayne County,2691
Utah,Weber County,242963
Vermont,Vermont,625197
Vermont,Addison County,36926
Vermont,Bennington County,36161
Vermont,Caledonia County,30643
Vermont,Chittenden County,161294
Vermont,Essex County,6196
Vermont,Franklin County,48973
Vermont,Grand Isle County,6870
Vermont,Lamoille County,25238
Vermont,Orange County,28890
Vermont,Orleans County,27030
Vermont,Rutland County,59547
Vermont,Washington County,58645
Vermont,Windham County,43252
Vermont,Windsor County,55532
Virginia,Virginia,8362907
Virginia,Accomack County,32910
Virginia,Albemarle County,105119
Virginia,Alleghany County,15420
Virginia,Amelia County,12782
Virginia,Amherst County,31832
Virginia,Appomattox County,15485
Virginia,Arlington County,228746
Virginia,Augusta County,74293
Virginia,Bath County,4456
Virginia,Bedford County,77598
Virginia,Bland County,6534
Virginia,Botetourt County,33344
Virginia,Brunswick County,16856
Virginia,Buchanan County,22705
Virginia,Buckingham County,17016
Virginia,Campbell County,55289
Virginia,Caroline County,29891
Virginia,Carroll County,29850
Virginia,Charles City County,7040
Virginia,Charlotte County,12172
Virginia,Chesterfield County,334955
Virginia,Clarke County,14242
Virginia,Craig County,5138
Virginia,Culpeper County,49553
Virginia,Cumberland County,9746
Virginia,Dickenson County,15202
Virginia,Dinwiddie County,28111
Virginia,Essex County,11097
Virginia,Fairfax County,1140164
Virginia,Fauquier County,68431
Virginia,Floyd County,15548
Virginia,Fluvanna County,26111
Virginia,Franklin County,56227
Virginia,Frederick County,83513
Virginia,Giles County,16767
Virginia,Gloucester County,37007
Virginia,Goochland County,22159
Virginia,Grayson County,15956
Virginia,Greene County,19186
Virginia,Greensville County,11813
Virginia,Halifax County,35082
Virginia,Hanover County,103078
Virginia,Henrico County,324289
Virginia,Henry County,51912
Virginia,Highland County,2196
Virginia,Isle of Wight County,36155
Virginia,James City County,72836
Virginia,King and Queen County,7086
Virginia,King George County,25399
Virginia,King William County,16285
Virginia,Lancaster County,10825
Virginia,Lee County,24550
Virginia,Loudoun County,374054
Virginia,Louisa County,34615
Virginia,Lunenburg County,12329
Virginia,Madison County,13046
Virginia,Mathews County,8844
Virginia,Mecklenburg County,30933
Virginia,Middlesex County,10683
Virginia,Montgomery County,97348
Virginia,Nelson County,14757
Virginia,New Kent County,20382
Virginia,Northampton County,12095
Virginia,Northumberland County,12246
Virginia,Nottoway County,15606
Virginia,Orange County,35183
Virginia,Page County,23660
Virginia,Patrick County,17953
Virginia,Pittsylvania County,62000
Virginia,Powhatan County,28056
Virginia,Prince Edward County,23120
Virginia,Prince George County,38212
Virginia,Prince William County,451232
Virginia,Pulaski County,34341
Virginia,Rappahannock County,7390
Virginia,Richmond County,8783
Virginia,Roanoke County,93337
Virginia,Rockbridge County,22375
Virginia,Rockingham County,78453
Virginia,Russell County,27824
Virginia,Scott County,22244
Virginia,Shenandoah County,42841
Virginia,Smyth County,31411
Virginia,Southampton County,18121
Virginia,Spotsylvania County,129944
Virginia,Stafford County,140917
Virginia,Surry County,6670
Virginia,Sussex County,11686
Virginia,Tazewell County,42904
Virginia,Warren County,38675
Virginia,Washington County,54337
Virginia,Westmoreland County,17549
Virginia,Wise County,39567
Virginia,Wythe County,29098
Virginia,York County,67828
Virginia,Alexandria city,153863
Virginia,Bristol city,17041
Virginia,Buena Vista city,6533
Virginia,Charlottesville city,46433
Virginia,Chesapeake city,235168
Virginia,Colonial Heights city,17482
Virginia,Covington city,5661
Virginia,Danville city,41937
Virginia,Emporia city,5525
Virginia,Fairfax city,23439
Virginia,Falls Church city,13837
Virginia,Franklin city,8334
Virginia,Fredericksburg city,28054
Virginia,Galax city,6798
Virginia,Hampton city,136187
Virginia,Harrisonburg city,52755
Virginia,Hopewell city,22228
Virginia,Lexington city,7123
Virginia,Lynchburg city,79271
Virginia,Manassas city,41530
Virginia,Manassas Park city,16054
Virginia,Martinsville city,13277
Virginia,Newport News city,180948
Virginia,Norfolk city,246534
Virginia,Norton city,4005
Virginia,Petersburg city,32000
Virginia,Poquoson city,12014
Virginia,Portsmouth city,96308
Virginia,Radford city,17341
Virginia,Richmond city,220847
Virginia,Roanoke city,99733
Virginia,Salem city,25426
Virginia,Staunton city,24219
Virginia,Suffolk city,88127
Virginia,Virginia Beach city,450474
Virginia,Waynesboro city,21558
Virginia,Williamsburg city,14767
Virginia,Winchester city,27470
Washington,Washington,7163543
Washington,Adams County,19244
Washington,Asotin County,22106
Washington,Benton County,190316
Washington,Chelan County,75123
Washington,Clallam County,73222
Washington,Clark County,456986
Washington,Columbia County,3961
Washington,Cowlitz County,103050
Washington,Douglas County,40559
Washington,Ferry County,7519
Washington,Franklin County,88779
Washington,Garfield County,2222
Washington,Grant County,93670
Washington,Grays Harbor County,71027
Washington,Island County,80031
Washington,Jefferson County,30331
Washington,King County,2126561
Washington,Kitsap County,259320
Washington,Kittitas County,43092
Washington,Klickitat County,20997
Washington,Lewis County,75419
Washington,Lincoln County,10289
Washington,Mason County,61033
Washington,Okanogan County,41352
Washington,Pacific County,20869
Washington,Pend Oreille County,13087
Washington,Pierce County,841706
Washington,San Juan County,16198
Washington,Skagit County,121604
Washington,Skamania County,11378
Washington,Snohomish County,770049
Washington,Spokane County,488749
Washington,Stevens County,43544
Washington,Thurston County,268014
Washington,Wahkiakum County,4027
Washington,Walla Walla County,59976
Washington,Whatcom County,211940
Washington,Whitman County,48128
Washington,Yakima County,248065
West Virginia,West Virginia,1841996
West Virginia,Barbour County,16971
West Virginia,Berkeley County,111683
West Virginia,Boone County,23246
West Virginia,Braxton County,14372
West Virginia,Brooke County,23205
West Virginia,Cabell County,96571
West Virginia,Calhoun County,7466
West Virginia,Clay County,8874
West Virginia,Doddridge County,8701
West Virginia,Fayette County,44706
West Virginia,Gilmer County,8306
West Virginia,Grant County,11672
West Virginia,Greenbrier County,35585
West Virginia,Hampshire County,23314
West Virginia,Hancock County,29968
West Virginia,Hardy County,13831
West Virginia,Harrison County,68539
West Virginia,Jackson County,29163
West Virginia,Jefferson County,56081
West Virginia,Kanawha County,188270
West Virginia,Lewis County,16436
West Virginia,Lincoln County,21279
West Virginia,Logan County,34437
West Virginia,McDowell County,19763
West Virginia,Marion County,56744
West Virginia,Marshall County,32191
West Virginia,Mason County,27081
West Virginia,Mercer County,61124
West Virginia,Mineral County,27384
West Virginia,Mingo County,25320
West Virginia,Monongalia County,104706
West Virginia,Monroe County,13578
West Virginia,Morgan County,17487
West Virginia,Nicholas County,25550
West Virginia,Ohio County,42996
West Virginia,Pendleton County,7104
West Virginia,Pleasants County,7499
West Virginia,Pocahontas County,8574
West Virginia,Preston County,33844
West Virginia,Putnam County,56600
West Virginia,Raleigh County,77371
West Virginia,Randolph County,29206
West Virginia,Ritchie County,10082
West Virginia,Roane County,14377
West Virginia,Summers County,13134
West Virginia,Taylor County,16928
West Virginia,Tucker County,7088
West Virginia,Tyler County,8952
West Virginia,Upshur County,24725
West Virginia,Wayne County,41195
West Virginia,Webster County,8636
West Virginia,Wetzel County,15777
West Virginia,Wirt County,5805
West Virginia,Wood County,86326
West Virginia,Wyoming County,22173
Wisconsin,Wisconsin,5761406
Wisconsin,Adams County,20025
Wisconsin,Ashland County,15809
Wisconsin,Barron County,45357
Wisconsin,Bayfield County,14980
Wisconsin,Brown County,257899
Wisconsin,Buffalo County,13241
Wisconsin,Burnett County,15138
Wisconsin,Calumet County,49812
Wisconsin,Chippewa County,63416
Wisconsin,Clark County,34349
Wisconsin,Columbia County,56672
Wisconsin,Crawford County,16328
Wisconsin,Dane County,522847
Wisconsin,Dodge County,87827
Wisconsin,Door County,27307
Wisconsin,Douglas County,43483
Wisconsin,Dunn County,44249
Wisconsin,Eau Claire County,102119
Wisconsin,Florence County,4346
Wisconsin,Fond du Lac County,101951
Wisconsin,Forest County,9005
Wisconsin,Grant County,52085
Wisconsin,Green County,36918
Wisconsin,Green Lake County,18712
Wisconsin,Iowa County,23591
Wisconsin,Iron County,5719
Wisconsin,Jackson County,20521
Wisconsin,Jefferson County,84503
Wisconsin,Juneau County,26314
Wisconsin,Kenosha County,167967
Wisconsin,Kewaunee County,20317
Wisconsin,La Crosse County,117726
Wisconsin,Lafayette County,16792
Wisconsin,Langlade County,19043
Wisconsin,Lincoln County,27858
Wisconsin,Manitowoc County,79495
Wisconsin,Marathon County,135289
Wisconsin,Marinette County,40653
Wisconsin,Marquette County,15118
Wisconsin,Menominee County,4525
Wisconsin,Milwaukee County,958654
Wisconsin,Monroe County,45306
Wisconsin,Oconto County,37478
Wisconsin,Oneida County,35308
Wisconsin,Outagamie County,183417
Wisconsin,Ozaukee County,87934
Wisconsin,Pepin County,7234
Wisconsin,Pierce County,41038
Wisconsin,Polk County,43213
Wisconsin,Portage County,70497
Wisconsin,Price County,13577
Wisconsin,Racine County,194710
Wisconsin,Richland County,17559
Wisconsin,Rock County,161052
Wisconsin,Rusk County,14127
Wisconsin,St. Croix County,87139
Wisconsin,Sauk County,63264
Wisconsin,Sawyer County,16290
Wisconsin,Shawano County,41062
Wisconsin,Sheboygan County,115239
Wisconsin,Taylor County,20321
Wisconsin,Trempealeau County,29441
Wisconsin,Vernon County,30318
Wisconsin,Vilas County,21435
Wisconsin,Walworth County,102513
Wisconsin,Washburn County,15519
Wisconsin,Washington County,133932
Wisconsin,Waukesha County,396261
Wisconsin,Waupaca County,51682
Wisconsin,Waushara County,23946
Wisconsin,Winnebago County,169270
Wisconsin,Wood County,73364
Wyoming,Wyoming,585668
Wyoming,Albany County,37956
Wyoming,Big Horn County,11950
Wyoming,Campbell County,49269
Wyoming,Carbon County,15618
Wyoming,Converse County,14299
Wyoming,Crook County,7437
Wyoming,Fremont County,40228
Wyoming,Goshen County,13551
Wyoming,Hot Springs County,4717
Wyoming,Johnson County,8609
Wyoming,Laramie County,97006
Wyoming,Lincoln County,18738
Wyoming,Natrona County,82123
Wyoming,Niobrara County,2496
Wyoming,Park County,28925
Wyoming,Platte County,8797
Wyoming,Sheridan County,29886
Wyoming,Sublette County,10046
Wyoming,Sweetwater County,44754
Wyoming,Teton County,23016
Wyoming,Uinta County,20770
Wyoming,Washakie County,8280
Wyoming,Weston County,7197
