county,population
Alabama,4842481
Autauga County,54876
Baldwin County,199189
Barbour County,26758
Bibb County,22541
Blount County,57521
Bullock County,10665
Butler County,20343
Calhoun County,115995
Chambers County,33980
Cherokee County,25902
Chilton County,43769
Choctaw County,13317
Clarke County,24865
Clay County,13440
Cleburne County,15025
Coffee County,50655
Colbert County,54468
Conecuh County,12679
Coosa County,11038
Covington County,37756
Crenshaw County,13859
Cullman County,81067
Dale County,49417
Dallas County,41562
DeKalb County,70999
Elmore County,80568
Escambia County,37738
Etowah County,103407
Fayette County,16768
Franklin County,31561
Geneva County,26597
Greene County,8585
Hale County,15047
Henry County,17082
Houston County,104156
Jackson County,52562
Jefferson County,659918
Lamar County,14067
Lauderdale County,93013
Lawrence County,33448
Lee County,154545
Limestone County,90596
Lowndes County,10498
Macon County,19648
Madison County,349807
Marengo County,19980
Marion County,30202
Marshall County,94277
Mobile County,414590
Monroe County,21927
Montgomery County,227546
Morgan County,119458
Perry County,9804
Pickens County,20283
Pike County,33197
Randolph County,22355
Russell County,59211
St. Clair County,85995
Shelby County,206356
Sumter County,13275
Talladega County,81450
Tallapoosa County,40887
Tuscaloosa County,203097
Walker County,65336
Washington County,16868
Wilcox County,10953
Winston County,24137
Alaska,736307
Aleutians East Borough,3348
Aleutians West Census Area,5822
Anchorage Municipality,299927
Bethel Census Area,17933
Bristol Bay Borough,949
Denali Borough,1915
Dillingham Census Area,4983
Fairbanks North Star Borough,99256
Haines Borough,2555
Hoonah-Angoon Census Area,2103
Juneau City and Borough,32476
Kenai Peninsula Borough,57565
Ketchikan Gateway Borough,13801
Kodiak Island Borough,13904
Kusilvak Census Area,8098
Lake and Peninsula Borough,1645
Matanuska-Susitna Borough,98104
Nome Census Area,9803
North Slope Borough,9769
Northwest Arctic Borough,7771
Petersburg Borough,3265
Prince of Wales-Hyder Census Area,6460
Sitka City and Borough,8839
Skagway Municipality,1053
Southeast Fairbanks Census Area,6922
Valdez-Cordova Census Area,9475
Wrangell City and Borough,2447
Yakutat City and Borough,655
Yukon-Koyukuk Census Area,5464
Arizona,6733840
Apache County,71820
Cochise County,127352
Coconino County,137583
Gila County,53070
Graham County,38124
Greenlee County,9341
La Paz County,20529
Maricopa County,4095508
Mohave County,203474
Navajo County,107724
Pima County,1004675
Pinal County,395915
Santa Cruz County,46703
Yavapai County,217739
Yuma County,204283
Arkansas,2967726
Arkansas County,18476
Ashley County,20959
Baxter County,40884
Benton County,244882
Boone County,37102
Bradley County,11016
Calhoun County,5168
Carroll County,27735
Chicot County,11202
Clark County,22565
Clay County,15297
Cleburne County,25605
Cleveland County,8398
Columbia County,24046
Conway County,20991
Craighead County,102661
Crawford County,61817
Crittenden County,49577
Cross County,17183
Dallas County,7692
Desha County,12270
Drew County,18640
Faulkner County,120567
Franklin County,17820
Fulton County,12083
Garland County,97754
Grant County,18073
Greene County,43787
Hempstead County,22338
Hot Spring County,33400
Howard County,13510
Independence County,37079
Izard County,13553
Jackson County,17595
Jefferson County,72469
Johnson County,25971
Lafayette County,7164
Lawrence County,16971
Lee County,9843
Lincoln County,14030
Little River County,12524
Logan County,21859
Lonoke County,71338
Madison County,15733
Marion County,16420
Miller County,43566
Mississippi County,44250
Monroe County,7635
Montgomery County,9158
Nevada County,8651
Newton County,7879
Ouachita County,24763
Perry County,10353
Phillips County,19960
Pike County,10987
Poinsett County,24152
Polk County,20255
Pope County,63111
Prairie County,8345
Pulaski County,392990
Randolph County,17568
St. Francis County,27096
Saline County,114861
Scott County,10665
Searcy County,7917
Sebastian County,126784
Sevier County,17429
Sharp County,16822
Stone County,12379
Union County,40140
Van Buren County,16880
Washington County,219976
White County,78459
Woodruff County,6874
Yell County,21774
California,38625139
Alameda County,1608674
Alpine County,1082
Amador County,36738
Butte County,223570
Calaveras County,44673
Colusa County,21198
Contra Costa County,1109358
Del Norte County,27198
El Dorado County,183161
Fresno County,961311
Glenn County,27857
Humboldt County,134514
Imperial County,178233
Inyo County,18320
Kern County,869957
Kings County,149603
Lake County,64058
Lassen County,31710
Los Angeles County,10048408
Madera County,153590
Marin County,260435
Mariposa County,17713
Mendocino County,87257
Merced County,264649
Modoc County,9080
Mono County,14142
Monterey County,428980
Napa County,140567
Nevada County,98589
Orange County,3130322
Placer County,369326
Plumas County,18662
Riverside County,2317955
Sacramento County,1475618
San Benito County,57867
San Bernardino County,2100776
San Diego County,3250993
San Francisco County,851116
San Joaquin County,711771
San Luis Obispo County,278296
San Mateo County,757670
Santa Barbara County,439358
Santa Clara County,1892984
Santa Cruz County,271035
Shasta County,178905
Sierra County,2980
Siskiyou County,43379
Solano County,429155
Sonoma County,498803
Stanislaus County,528346
Sutter County,94830
Tehama County,62788
Trinity County,13123
Tulare County,455602
Tuolumne County,53828
Ventura County,842946
Yolo County,208518
Yuba County,73562
Colorado,5351218
Adams County,480263
Alamosa County,16220
Arapahoe County,618798
Archuleta County,12233
Baca County,3587
Bent County,5784
Boulder County,313298
Broomfield County,61769
Chaffee County,18453
Cheyenne County,1846
Clear Creek County,9114
Conejos County,8233
Costilla County,3564
Crowley County,5609
Custer County,4344
Delta County,29965
Denver County,664870
Dolores County,1977
Douglas County,314574
Eagle County,53323
Elbert County,24033
El Paso County,663266
Fremont County,46133
Garfield County,57201
Gilpin County,5751
Grand County,14559
Gunnison County,15842
Hinsdale County,773
Huerfano County,6396
Jackson County,1385
Jefferson County,559085
Kiowa County,1380
Kit Carson County,8020
Lake County,7320
La Plata County,53788
Larimer County,324061
Las Animas County,14044
Lincoln County,5504
Logan County,21748
Mesa County,147312
Mineral County,703
Moffat County,12934
Montezuma County,25516
Montrose County,40596
Morgan County,28120
Otero County,18367
Ouray County,4574
Park County,16384
Phillips County,4395
Pitkin County,17726
Prowers County,12089
Pueblo County,161480
Rio Blanco County,6625
Rio Grande County,11508
Routt County,24083
Saguache County,6198
San Juan County,711
San Miguel County,7740
Sedgwick County,2333
Summit County,29330
Teller County,23430
Washington County,4732
Weld County,276037
Yuma County,10182
Connecticut,3594783
Fairfield County,944355
Hartford County,897493
Litchfield County,185398
Middlesex County,164597
New Haven County,862996
New London County,271465
Tolland County,151710
Windham County,116769
Delaware,932596
Kent County,171458
New Castle County,550851
Sussex County,210287
District of Columbia,662513
District of Columbia,662513
Florida,19860330
Alachua County,255499
Baker County,27118
Bay County,178305
Bradford County,26553
Brevard County,555598
Broward County,1861602
Calhoun County,14451
Charlotte County,168075
Citrus County,138833
Clay County,198572
Collier County,347326
Columbia County,67784
DeSoto County,35344
Dixie County,16038
Duval County,896743
Escambia County,307951
Flagler County,101922
Franklin County,11658
Gadsden County,46119
Gilchrist County,16987
Glades County,12952
Gulf County,16000
Hamilton County,14070
Hardee County,27281
Hendry County,38508
Hernando County,175322
Highlands County,98606
Hillsborough County,1317571
Holmes County,19566
Indian River County,144469
Jackson County,48733
Jefferson County,14052
Lafayette County,8869
Lake County,315388
Lee County,677361
Leon County,283785
Levy County,39302
Liberty County,8414
Madison County,18602
Manatee County,350972
Marion County,338057
Martin County,153153
Miami-Dade County,2660389
Monroe County,76284
Nassau County,76253
Okaloosa County,194633
Okeechobee County,39581
Orange County,1256908
Osceola County,311137
Palm Beach County,1399039
Pasco County,483465
Pinellas County,936517
Polk County,634520
Putnam County,71968
St. Johns County,217865
St. Lucie County,290146
Santa Rosa County,162669
Sarasota County,396445
Seminole County,441453
Sumter County,112245
Suwannee County,43784
Taylor County,22579
Union County,15260
Volusia County,506786
Wakulla County,31410
Walton County,61183
Washington County,24300
Georgia,10069001
Appling County,18476
Atkinson County,8218
Bacon County,11175
Baker County,3292
Baldwin County,45914
Banks County,18223
Barrow County,72853
Bartow County,101291
Ben Hill County,17430
Berrien County,18815
Bibb County,154333
Bleckley County,12703
Brantley County,18349
Brooks County,15533
Bryan County,33667
Bulloch County,72671
Burke County,22610
Butts County,23314
Calhoun County,6505
Camden County,51918
Candler County,10859
Carroll County,113942
Catoosa County,65477
Charlton County,13052
Chatham County,282197
Chattahoochee County,11709
Chattooga County,24857
Cherokee County,230208
Clarke County,120413
Clay County,3072
Clayton County,266678
Clinch County,6785
Cobb County,727757
Coffee County,42899
Colquitt County,45893
Columbia County,139151
Cook County,17298
Coweta County,135140
Crawford County,12431
Crisp County,23063
Dade County,16282
Dawson County,22978
Decatur County,27178
DeKalb County,725039
Dodge County,21174
Dooly County,14247
Dougherty County,92720
Douglas County,138055
Early County,10447
Echols County,4037
Effingham County,55419
Elbert County,19389
Emanuel County,22486
Evans County,10814
Fannin County,23856
Fayette County,109217
Floyd County,95890
Forsyth County,202659
Franklin County,22176
Fulton County,992022
Gilmer County,28979
Glascock County,3004
Glynn County,82177
Gordon County,55815
Grady County,25214
Greene County,16424
Gwinnett County,871394
Habersham County,43583
Hall County,189239
Hancock County,8574
Haralson County,28487
Harris County,32742
Hart County,25372
Heard County,11619
Henry County,213047
Houston County,148701
Irwin County,9092
Jackson County,62103
Jasper County,13538
Jeff Davis County,14937
Jefferson County,16130
Jenkins County,9043
Johnson County,9807
Jones County,28650
Lamar County,18187
Lanier County,10365
Laurens County,47599
Lee County,29132
Liberty County,64107
Lincoln County,7644
Long County,17014
Lowndes County,113510
Lumpkin County,31147
McDuffie County,21525
McIntosh County,14065
Macon County,13822
Madison County,28355
Marion County,8633
Meriwether County,21213
Miller County,5943
Mitchell County,22714
Monroe County,26681
Montgomery County,8983
Morgan County,17894
Murray County,39232
Muscogee County,200552
Newton County,103470
Oconee County,35072
Oglethorpe County,14538
Paulding County,148538
Peach County,27024
Pickens County,29834
Pierce County,19008
Pike County,17763
Polk County,40866
Pulaski County,11511
Putnam County,21154
Quitman County,2289
Rabun County,16165
Randolph County,7311
Richmond County,201166
Rockdale County,87193
Schley County,5187
Screven County,13999
Seminole County,8599
Spalding County,63694
Stephens County,25424
Stewart County,5886
Sumter County,31169
Talbot County,6520
Taliaferro County,1694
Tattnall County,25337
Taylor County,8379
Telfair County,16459
Terrell County,9083
Thomas County,44759
Tift County,40454
Toombs County,27146
Towns County,11082
Treutlen County,6811
Troup County,69282
Turner County,8063
Twiggs County,8387
Union County,21758
Upson County,26173
Walker County,68678
Walton County,87521
Ware County,35525
Warren County,5462
Washington County,20550
Wayne County,29893
Webster County,2612
Wheeler County,7970
White County,28019
Whitfield County,103137
Wilcox County,8891
Wilkes County,9946
Wilkinson County,9285
Worth County,21021
Hawaii,1414862
Hawaii County,193736
Honolulu County,987649
Kalawao County,89
Kauai County,70324
Maui County,163064
Idaho,1631479
Ada County,425540
Adams County,3882
Bannock County,83534
Bear Lake County,5926
Benewah County,9032
Bingham County,45229
Blaine County,21465
Boise County,6780
Bonner County,41289
Bonneville County,108264
Boundary County,10955
Butte County,2658
Camas County,1055
Canyon County,202514
Caribou County,6832
Cassia County,23518
Clark County,890
Clearwater County,8576
Custer County,4131
Elmore County,26226
Franklin County,12910
Fremont County,12813
Gem County,16646
Gooding County,15100
Idaho County,16272
Jefferson County,26938
Jerome County,22952
Kootenai County,146536
Latah County,38513
Lemhi County,7723
Lewis County,3813
Lincoln County,5330
Madison County,37906
Minidoka County,20348
Nez Perce County,39835
Oneida County,4176
Owyhee County,11297
Payette County,22753
Power County,7737
Shoshone County,12394
Teton County,10443
Twin Falls County,80996
Valley County,9794
Washington County,9958
Illinois,12888962
Adams County,66973
Alexander County,7082
Bond County,17071
Boone County,53740
Brown County,6833
Bureau County,33861
Calhoun County,4925
Carroll County,14783
Cass County,13091
Champaign County,207959
Christian County,33810
Clark County,16046
Clay County,13446
Clinton County,37644
Coles County,52522
Cook County,5257481
Crawford County,19285
Cumberland County,10924
DeKalb County,104570
De Witt County,16216
Douglas County,19903
DuPage County,933820
Edgar County,17805
Edwards County,6628
Effingham County,34119
Fayette County,22072
Ford County,13539
Franklin County,39445
Fulton County,35990
Gallatin County,5280
Greene County,13415
Grundy County,50290
Hamilton County,8314
Hancock County,18324
Hardin County,4148
Henderson County,7011
Henry County,49830
Iroquois County,28719
Jackson County,59359
Jasper County,9633
Jefferson County,38377
Jersey County,22467
Jo Daviess County,22338
Johnson County,12890
Kane County,526028
Kankakee County,111907
Kendall County,121413
Knox County,51944
Lake County,704618
LaSalle County,111669
Lawrence County,16558
Lee County,34904
Livingston County,37040
Logan County,29656
McDonough County,31792
McHenry County,307414
McLean County,174121
Macon County,108520
Macoupin County,46204
Madison County,266618
Marion County,38558
Marshall County,11959
Mason County,14102
Massac County,14753
Menard County,12505
Mercer County,15900
Monroe County,33542
Montgomery County,29448
Morgan County,34672
Moultrie County,14750
Ogle County,51949
Peoria County,187531
Perry County,21540
Piatt County,16408
Pike County,15955
Pope County,4371
Pulaski County,5794
Putnam County,5832
Randolph County,33142
Richland County,16018
Rock Island County,147090
St. Clair County,265922
Saline County,24492
Sangamon County,199180
Schuyler County,7260
Scott County,5170
Shelby County,22106
Stark County,5602
Stephenson County,46267
Tazewell County,135363
Union County,17407
Vermilion County,79786
Wabash County,11600
Warren County,17719
Washington County,14391
Wayne County,16593
White County,14267
Whiteside County,57019
Will County,685369
Williamson County,67410
Winnebago County,288775
Woodford County,39061
Indiana,6593533
Adams County,34768
Allen County,365199
Bartholomew County,80499
Benton County,8718
Blackford County,12346
Boone County,61625
Brown County,14944
Carroll County,19949
Cass County,38495
Clark County,114047
Clay County,26424
Clinton County,32471
Crawford County,10670
Daviess County,32681
Dearborn County,49420
Decatur County,26414
DeKalb County,42398
Delaware County,116476
Dubois County,42297
Elkhart County,201476
Fayette County,23444
Floyd County,76097
Fountain County,16690
Franklin County,22981
Fulton County,20514
Gibson County,33723
Grant County,68336
Greene County,32644
Hamilton County,302839
Hancock County,71738
Harrison County,39167
Hendricks County,155812
Henry County,48889
Howard County,82602
Huntington County,36610
Jackson County,43703
Jasper County,33514
Jay County,21134
Jefferson County,32403
Jennings County,27915
Johnson County,147103
Knox County,37961
Kosciusko County,78382
LaGrange County,38435
Lake County,490973
LaPorte County,111737
Lawrence County,45648
Madison County,129744
Marion County,935449
Marshall County,46929
Martin County,10238
Miami County,36071
Monroe County,143410
Montgomery County,38144
Morgan County,69515
Newton County,14086
Noble County,47380
Ohio County,5966
Orange County,19761
Owen County,21023
Parke County,17241
Perry County,19332
Pike County,12500
Porter County,167182
Posey County,25596
Pulaski County,12918
Putnam County,37673
Randolph County,25329
Ripley County,28341
Rush County,16845
St. Joseph County,267749
Scott County,23629
Shelby County,44374
Spencer County,20758
Starke County,22953
Steuben County,34517
Sullivan County,20993
Switzerland County,10543
Tippecanoe County,184466
Tipton County,15406
Union County,7241
Vanderburgh County,181935
Vermillion County,15658
Vigo County,107960
Wabash County,32101
Warren County,8339
Warrick County,60959
Washington County,27892
Wayne County,67377
Wells County,27816
White County,24436
Whitley County,33447
Iowa,3109504
Adair County,7367
Adams County,3877
Allamakee County,14058
Appanoose County,12671
Audubon County,5771
Benton County,25622
Black Hawk County,133403
Boone County,26296
Bremer County,24665
Buchanan County,21139
Buena Vista County,20622
Butler County,14963
Calhoun County,9845
Carroll County,20498
Cass County,13392
Cedar County,18328
Cerro Gordo County,43206
Cherokee County,11802
Chickasaw County,12250
Clarke County,9195
Clay County,16485
Clayton County,17771
Clinton County,47894
Crawford County,17172
Dallas County,77742
Davis County,8755
Decatur County,8208
Delaware County,17392
Des Moines County,40092
Dickinson County,16840
Dubuque County,96483
Emmet County,9819
Fayette County,20289
Floyd County,16001
Franklin County,10434
Fremont County,7030
Greene County,9123
Grundy County,12391
Guthrie County,10685
Hamilton County,15215
Hancock County,11041
Hardin County,17331
Harrison County,14266
Henry County,19832
Howard County,9351
Humboldt County,9635
Ida County,6970
Iowa County,16314
Jackson County,19427
Jasper County,36882
Jefferson County,17792
Johnson County,142745
Jones County,20542
Keokuk County,10285
Kossuth County,15227
Lee County,35056
Linn County,218125
Louisa County,11254
Lucas County,8633
Lyon County,11703
Madison County,15615
Mahaska County,22365
Marion County,33270
Marshall County,40735
Mills County,14761
Mitchell County,10698
Monona County,8899
Monroe County,7958
Montgomery County,10382
Muscatine County,42982
O'Brien County,14043
Osceola County,6231
Page County,15483
Palo Alto County,9121
Plymouth County,24912
Pocahontas County,7097
Polk County,460977
Pottawattamie County,93274
Poweshiek County,18606
Ringgold County,4961
Sac County,10046
Scott County,171317
Shelby County,11878
Sioux County,34641
Story County,95797
Tama County,17311
Taylor County,6172
Union County,12624
Van Buren County,7391
Wapello County,35430
Warren County,47828
Washington County,22032
Wayne County,6376
Webster County,37070
Winnebago County,10554
Winneshiek County,20694
Woodbury County,102309
Worth County,7557
Wright County,12905
Kansas,2900896
Allen County,12890
Anderson County,7881
Atchison County,16524
Barber County,4882
Barton County,27345
Bourbon County,14798
Brown County,9781
Butler County,65867
Chase County,2653
Chautauqua County,3455
Cherokee County,20766
Cheyenne County,2686
Clark County,2114
Clay County,8302
Cloud County,9332
Coffey County,8395
Comanche County,1950
Cowley County,35889
Crawford County,39263
Decatur County,2897
Dickinson County,19303
Doniphan County,7839
Douglas County,116448
Edwards County,3025
Elk County,2695
Ellis County,28963
Ellsworth County,6349
Finney County,37148
Ford County,34958
Franklin County,25528
Geary County,36451
Gove County,2748
Graham County,2557
Grant County,7799
Gray County,6061
Greeley County,1301
Greenwood County,6288
Hamilton County,2659
Harper County,5827
Harvey County,34603
Haskell County,4099
Hodgeman County,1883
Jackson County,13437
Jefferson County,18822
Jewell County,3043
Johnson County,573043
Kearny County,3939
Kingman County,7683
Kiowa County,2532
Labette County,20774
Lane County,1666
Leavenworth County,78537
Lincoln County,3183
Linn County,9537
Logan County,2768
Lyon County,33154
McPherson County,28893
Marion County,12185
Marshall County,9943
Meade County,4358
Miami County,32868
Mitchell County,6246
Montgomery County,34095
Morris County,5664
Morton County,3040
Nemaha County,10087
Neosho County,16323
Ness County,3089
Norton County,5534
Osage County,15969
Osborne County,3752
Ottawa County,6029
Pawnee County,6822
Phillips County,5496
Pottawatomie County,22738
Pratt County,9767
Rawlins County,2543
Reno County,63699
Republic County,4741
Rice County,9968
Riley County,76485
Rooks County,5204
Rush County,3162
Russell County,7004
Saline County,55524
Scott County,4969
Sedgwick County,509072
Seward County,23335
Shawnee County,178586
Sheridan County,2502
Sherman County,6067
Smith County,3729
Stafford County,4282
Stanton County,2139
Stevens County,5842
Sumner County,23379
Thomas County,7836
Trego County,2895
Wabaunsee County,6938
Wallace County,1501
Washington County,5610
Wichita County,2185
Wilson County,8973
Woodson County,3188
Wyandotte County,162320
Kentucky,4414483
Adair County,19265
Allen County,20510
Anderson County,21853
Ballard County,8189
Barren County,43048
Bath County,12131
Bell County,27847
Boone County,126330
Bourbon County,20074
Boyd County,48840
Boyle County,29810
Bracken County,8357
Breathitt County,13371
Breckinridge County,19887
Bullitt County,78052
Butler County,12736
Caldwell County,12852
Calloway County,38465
Campbell County,91637
Carlisle County,4963
Carroll County,10755
Carter County,27521
Casey County,15783
Christian County,73379
Clark County,35631
Clay County,21094
Clinton County,10213
Crittenden County,9176
Cumberland County,6727
Daviess County,98485
Edmonson County,12010
Elliott County,7533
Estill County,14445
Fayette County,311955
Fleming County,14478
Floyd County,38010
Franklin County,49750
Fulton County,6267
Gallatin County,8626
Garrard County,16981
Grant County,24814
Graves County,37575
Grayson County,26075
Green County,11038
Greenup County,36280
Hancock County,8685
Hardin County,108531
Harlan County,28018
Harrison County,18630
Hart County,18511
Henderson County,46407
Henry County,15556
Hickman County,4678
Hopkins County,46177
Jackson County,13309
Jefferson County,761973
Jessamine County,50894
Johnson County,23259
Kenton County,163210
Knott County,15955
Knox County,31558
Larue County,14117
Laurel County,59911
Lawrence County,15892
Lee County,6796
Leslie County,10832
Letcher County,23359
Lewis County,13763
Lincoln County,24429
Livingston County,9327
Logan County,26823
Lyon County,8413
McCracken County,65353
McCreary County,17922
McLean County,9421
Madison County,87101
Magoffin County,12982
Marion County,19071
Marshall County,30996
Martin County,12514
Mason County,17143
Meade County,29097
Menifee County,6298
Mercer County,21374
Metcalfe County,9989
Monroe County,10680
Montgomery County,27372
Morgan County,13350
Muhlenberg County,31308
Nelson County,44866
Nicholas County,7051
Ohio County,23957
Oldham County,63976
Owen County,10650
Owsley County,4505
Pendleton County,14469
Perry County,27552
Pike County,62944
Powell County,12356
Pulaski County,63862
Robertson County,2187
Rockcastle County,16827
Rowan County,24259
Russell County,17789
Scott County,51225
Shelby County,45215
Simpson County,17766
Spencer County,17741
Taylor County,25362
Todd County,12436
Trigg County,14130
Trimble County,8738
Union County,15092
Warren County,121304
Washington County,11909
Wayne County,20621
Webster County,13206
Whitley County,35847
Wolfe County,7254
Woodford County,25585
Louisiana,4644204
Acadia Parish,62664
Allen Parish,25729
Ascension Parish,117287
Assumption Parish,23047
Avoyelles Parish,41089
Beauregard Parish,36248
Bienville Parish,13785
Bossier Parish,124875
Caddo Parish,252604
Calcasieu Parish,196562
Caldwell Parish,9952
Cameron Parish,6725
Catahoula Parish,10131
Claiborne Parish,16405
Concordia Parish,20479
De Soto Parish,27068
East Baton Rouge Parish,444798
East Carroll Parish,7442
East Feliciana Parish,19694
Evangeline Parish,33756
Franklin Parish,20433
Grant Parish,22353
Iberia Parish,73744
Iberville Parish,33135
Jackson Parish,15989
Jefferson Parish,434131
Jefferson Davis Parish,31448
Lafayette Parish,235650
Lafourche Parish,97906
LaSalle Parish,14876
Lincoln Parish,47199
Livingston Parish,135517
Madison Parish,11819
Morehouse Parish,26655
Natchitoches Parish,39117
Orleans Parish,383930
Ouachita Parish,156351
Plaquemines Parish,23312
Pointe Coupee Parish,22309
Rapides Parish,132207
Red River Parish,8760
Richland Parish,20763
Sabine Parish,24118
St. Bernard Parish,44441
St. Charles Parish,52679
St. Helena Parish,10524
St. James Parish,21516
St. John the Baptist Parish,43723
St. Landry Parish,83674
St. Martin Parish,53299
St. Mary Parish,53283
St. Tammany Parish,245232
Tangipahoa Parish,127022
Tensas Parish,4853
Terrebonne Parish,113470
Union Parish,22561
Vermilion Parish,59545
Vernon Parish,52793
Washington Parish,46324
Webster Parish,40282
West Baton Rouge Parish,25199
West Carroll Parish,11526
West Feliciana Parish,15376
Winn Parish,14820
Maine,1330760
Androscoggin County,107415
Aroostook County,69553
Cumberland County,288137
Franklin County,30243
Hancock County,54502
Kennebec County,121236
Knox County,39894
Lincoln County,34048
Oxford County,57271
Penobscot County,153224
Piscataquis County,17033
Sagadahoc County,35075
Somerset County,51241
Waldo County,39036
Washington County,32012
York County,200840
Maryland,5958165
Allegany County,73007
Anne Arundel County,559691
Baltimore County,825006
Calvert County,90545
Caroline County,32535
Carroll County,167317
Cecil County,102201
Charles County,154373
Dorchester County,32495
Frederick County,243417
Garrett County,29649
Harford County,249330
Howard County,306998
Kent County,19771
Montgomery County,1025617
Prince George's County,899223
Queen Anne's County,48793
St. Mary's County,109926
Somerset County,25577
Talbot County,37529
Washington County,149060
Wicomico County,101368
Worcester County,51572
Baltimore city,623165
Massachusetts,6763652
Barnstable County,214299
Berkshire County,128845
Bristol County,555206
Dukes County,17299
Essex County,771778
Franklin County,71295
Hampden County,469507
Hampshire County,160924
Middlesex County,1575237
Nantucket County,10839
Norfolk County,692399
Plymouth County,506565
Suffolk County,773839
Worcester County,815620
Michigan,9930589
Alcona County,10448
Alger County,9361
Allegan County,113357
Alpena County,28887
Antrim County,23146
Arenac County,15316
Baraga County,8648
Barry County,59293
Bay County,106066
Benzie County,17474
Berrien County,155989
Branch County,43731
Calhoun County,134812
Cass County,51566
Charlevoix County,26216
Cheboygan County,25636
Chippewa County,38242
Clare County,30728
Clinton County,76965
Crawford County,13741
Delta County,36581
Dickinson County,25898
Eaton County,108650
Emmet County,32969
Genesee County,412868
Gladwin County,25498
Gogebic County,15755
Grand Traverse County,90853
Gratiot County,41462
Hillsdale County,45923
Houghton County,36468
Huron County,32038
Ingham County,285654
Ionia County,64231
Iosco County,25422
Iron County,11344
Isabella County,70097
Jackson County,159437
Kalamazoo County,258962
Kalkaska County,17365
Kent County,631451
Keweenaw County,2174
Lake County,11395
Lapeer County,88199
Leelanau County,21599
Lenawee County,98737
Livingston County,185532
Luce County,6412
Mackinac County,11003
Macomb County,862959
Manistee County,24409
Marquette County,67773
Mason County,28732
Mecosta County,43197
Menominee County,23516
Midland County,83479
Missaukee County,14975
Monroe County,149852
Montcalm County,62804
Montmorency County,9321
Muskegon County,172266
Newaygo County,47785
Oakland County,1242993
Oceana County,26352
Ogemaw County,20967
Ontonagon County,6191
Osceola County,23212
Oscoda County,8312
Otsego County,24103
Ottawa County,277890
Presque Isle County,12956
Roscommon County,24021
Saginaw County,195254
St. Clair County,160085
St. Joseph County,61009
Sanilac County,41653
Schoolcraft County,8137
Shiawassee County,68799
Tuscola County,53931
Van Buren County,75236
Washtenaw County,360035
Wayne County,1771931
Wexford County,32855
Minnesota,5451522
Aitkin County,15848
Anoka County,341911
Becker County,33256
Beltrami County,45635
Benton County,39141
Big Stone County,5087
Blue Earth County,65296
Brown County,25271
Carlton County,35367
Carver County,97363
Cass County,28552
Chippewa County,12050
Chisago County,53797
Clay County,61238
Clearwater County,8789
Cook County,5241
Cottonwood County,11506
Crow Wing County,63099
Dakota County,411790
Dodge County,20381
Douglas County,36568
Faribault County,14106
Fillmore County,20769
Freeborn County,30742
Goodhue County,46021
Grant County,5926
Hennepin County,1211264
Houston County,18699
Hubbard County,20633
Isanti County,38269
Itasca County,45321
Jackson County,10273
Kanabec County,15971
Kandiyohi County,42492
Kittson County,4455
Koochiching County,12848
Lac qui Parle County,6901
Lake County,10600
Lake of the Woods County,3889
Le Sueur County,27812
Lincoln County,5766
Lyon County,25776
McLeod County,35776
Mahnomen County,5503
Marshall County,9419
Martin County,20241
Meeker County,23126
Mille Lacs County,25557
Morrison County,32807
Mower County,39413
Murray County,8435
Nicollet County,33372
Nobles County,21701
Norman County,6587
Olmsted County,150055
Otter Tail County,57488
Pennington County,14110
Pine County,29081
Pipestone County,9321
Polk County,31492
Pope County,10926
Ramsey County,532912
Red Lake County,3998
Redwood County,15531
Renville County,14932
Rice County,64997
Rock County,9377
Roseau County,15678
St. Louis County,200647
Scott County,139182
Sherburne County,90888
Sibley County,14925
Stearns County,153972
Steele County,36481
Stevens County,9848
Swift County,9489
Todd County,24357
Traverse County,3379
Wabasha County,21459
Wadena County,13590
Waseca County,18926
Washington County,248541
Watonwan County,10985
Wilkin County,6460
Winona County,51057
Wright County,129801
Yellow Medicine County,9981
Mississippi,2990623
Adams County,32072
Alcorn County,37250
Amite County,12598
Attala County,18825
Benton County,8296
Bolivar County,33822
Calhoun County,14702
Carroll County,10233
Chickasaw County,17402
Choctaw County,8386
Claiborne County,9168
Clarke County,16279
Clay County,20138
Coahoma County,24843
Copiah County,28980
Covington County,19151
DeSoto County,170773
Forrest County,75895
Franklin County,7778
George County,23315
Greene County,14342
Grenada County,21605
Hancock County,45973
Harrison County,198344
Hinds County,245278
Holmes County,18515
Humphreys County,8795
Issaquena County,1387
Itawamba County,23399
Jackson County,141439
Jasper County,16531
Jefferson County,7579
Jefferson Davis County,11825
Jones County,68405
Kemper County,10230
Lafayette County,52030
Lamar County,60089
Lauderdale County,79266
Lawrence County,12602
Leake County,23179
Lee County,84761
Leflore County,30716
Lincoln County,34739
Lowndes County,59813
Madison County,100860
Marion County,25682
Marshall County,36173
Monroe County,36062
Montgomery County,10361
Neshoba County,29444
Newton County,21714
Noxubee County,11063
Oktibbeha County,49081
Panola County,34455
Pearl River County,55134
Perry County,12051
Pike County,39957
Pontotoc County,30795
Prentiss County,25408
Quitman County,7691
Rankin County,148425
Scott County,28552
Sharkey County,4613
Simpson County,27508
Smith County,16212
Stone County,18086
Sunflower County,27407
Tallahatchie County,14705
Tate County,28253
Tippah County,21969
Tishomingo County,19427
Tunica County,10495
Union County,28149
Walthall County,14850
Warren County,47944
Washington County,49012
Wayne County,20453
Webster County,9983
Wilkinson County,9187
Winston County,18601
Yalobusha County,12308
Yazoo County,27805
Missouri,6056293
Adair County,25516
Andrew County,17283
Atchison County,5358
Audrain County,25815
Barry County,35324
Barton County,11984
Bates County,16519
Benton County,18876
Bollinger County,12420
Boone County,172795
Buchanan County,89595
Butler County,42851
Caldwell County,9004
Callaway County,44631
Camden County,44551
Cape Girardeau County,77906
Carroll County,8958
Carter County,6282
Cass County,100833
Cedar County,13783
Chariton County,7687
Christian County,81822
Clark County,6886
Clay County,233045
Clinton County,20258
Cole County,76651
Cooper County,17561
Crawford County,24615
Dade County,7599
Dallas County,16336
Daviess County,8326
DeKalb County,12545
Dent County,15598
Douglas County,13518
Dunklin County,31296
Franklin County,101946
Gasconade County,14810
Gentry County,6757
Greene County,285240
Grundy County,10182
Harrison County,8629
Henry County,22026
Hickory County,9290
Holt County,4530
Howard County,10131
Howell County,40131
Iron County,10377
Jackson County,683033
Jasper County,117736
Jefferson County,221986
Johnson County,54035
Knox County,3993
Laclede County,35504
Lafayette County,32618
Lawrence County,37900
Lewis County,10098
Lincoln County,54200
Linn County,12309
Livingston County,15009
McDonald County,22832
Macon County,15448
Madison County,12198
Maries County,9027
Marion County,28765
Mercer County,3683
Miller County,24837
Mississippi County,14158
Moniteau County,15808
Monroe County,8733
Montgomery County,11727
Morgan County,20067
New Madrid County,18249
Newton County,58131
Nodaway County,22977
Oregon County,10823
Osage County,13614
Ozark County,9427
Pemiscot County,17575
Perry County,19116
Pettis County,42198
Phelps County,44958
Pike County,18499
Platte County,94856
Polk County,31119
Pulaski County,53532
Putnam County,4842
Ralls County,10269
Randolph County,25045
Ray County,22913
Reynolds County,6405
Ripley County,13931
St. Charles County,379858
St. Clair County,9433
Ste. Genevieve County,17944
St. Francois County,65785
St. Louis County,1000588
Saline County,23398
Schuyler County,4393
Scotland County,4840
Scott County,38859
Shannon County,8297
Shelby County,6093
Stoddard County,29787
Stone County,31441
Sullivan County,6473
Taney County,53826
Texas County,25648
Vernon County,20980
Warren County,33150
Washington County,25071
Wayne County,13467
Webster County,36983
Worth County,2054
Wright County,18271
St. Louis city,317395
Montana,1021891
Beaverhead County,9337
Big Horn County,13343
Blaine County,6705
Broadwater County,5652
Carbon County,10438
Carter County,1150
Cascade County,82058
Chouteau County,5897
Custer County,12007
Daniels County,1798
Dawson County,9506
Deer Lodge County,9115
Fallon County,3110
Fergus County,11329
Flathead County,94577
Gallatin County,97508
Garfield County,1275
Glacier County,13709
Golden Valley County,841
Granite County,3151
Hill County,16507
Jefferson County,11502
Judith Basin County,1984
Lake County,29212
Lewis and Clark County,65704
Liberty County,2348
Lincoln County,19183
McCone County,1714
Madison County,7828
Meagher County,1856
Mineral County,4190
Missoula County,112793
Musselshell County,4645
Park County,15925
Petroleum County,488
Phillips County,4170
Pondera County,6137
Powder River County,1777
Powell County,6883
Prairie County,1125
Ravalli County,40743
Richland County,11531
Roosevelt County,11285
Rosebud County,9328
Sanders County,11312
Sheridan County,3660
Silver Bow County,34758
Stillwater County,9244
Sweet Grass County,3640
Teton County,6031
Toole County,5117
Treasure County,689
Valley County,7628
Wheatland County,2090
Wibaux County,1083
Yellowstone County,155275
Nebraska,1879522
Adams County,31396
Antelope County,6419
Arthur County,451
Banner County,670
Blaine County,490
Boone County,5356
Box Butte County,11299
Boyd County,2019
Brown County,2974
Buffalo County,48205
Burt County,6543
Butler County,8178
Cass County,25404
Cedar County,8541
Chase County,3979
Cherry County,5741
Cheyenne County,10112
Clay County,6314
Colfax County,10666
Cuming County,9018
Custer County,10773
Dakota County,20565
Dawes County,9018
Dawson County,23998
Deuel County,1926
Dixon County,5757
Dodge County,36616
Douglas County,543098
Dundy County,1865
Fillmore County,5603
Franklin County,3048
Frontier County,2722
Furnas County,4852
Gage County,21555
Garden County,1908
Garfield County,2000
Gosper County,2004
Grant County,626
Greeley County,2483
Hall County,61104
Hamilton County,9102
Harlan County,3468
Hayes County,910
Hitchcock County,2882
Holt County,10361
Hooker County,722
Howard County,6352
Jefferson County,7299
Johnson County,5221
Kearney County,6587
Keith County,8170
Keya Paha County,795
Kimball County,3726
Knox County,8473
Lancaster County,302644
Lincoln County,35652
Logan County,767
Loup County,596
McPherson County,510
Madison County,35100
Merrick County,7784
Morrill County,4919
Nance County,3527
Nemaha County,7129
Nuckolls County,4347
Otoe County,15780
Pawnee County,2725
Perkins County,2878
Phelps County,9162
Pierce County,7202
Platte County,32752
Polk County,5272
Red Willow County,10900
Richardson County,8108
Rock County,1449
Saline County,14303
Sarpy County,171872
Saunders County,20858
Scotts Bluff County,36435
Seward County,17008
Sheridan County,5253
Sherman County,3034
Sioux County,1321
Stanton County,6098
Thayer County,5211
Thomas County,701
Thurston County,6961
Valley County,4217
Washington County,19929
Wayne County,9405
Webster County,3645
Wheeler County,786
York County,13918
Nevada,2819012
Churchill County,23819
Clark County,2054263
Douglas County,47382
Elko County,52557
Esmeralda County,825
Eureka County,1988
Humboldt County,17219
Lander County,5973
Lincoln County,5197
Lyon County,51339
Mineral County,4469
Nye County,42851
Pershing County,6706
Storey County,3803
Washoe County,436493
White Pine County,10032
Carson City,54096
New Hampshire,1333223
Belknap County,60285
Carroll County,47429
Cheshire County,76424
Coos County,32783
Grafton County,89926
Hillsborough County,407071
Merrimack County,148141
Rockingham County,301481
Strafford County,126523
Sullivan County,43160
New Jersey,8866780
Atlantic County,272656
Bergen County,923757
Burlington County,448224
Camden County,508554
Cape May County,94923
Cumberland County,156086
Essex County,788975
Gloucester County,290530
Hudson County,660502
Hunterdon County,125847
Mercer County,369017
Middlesex County,824349
Monmouth County,625647
Morris County,494982
Ocean County,584449
Passaic County,504758
Salem County,64328
Somerset County,329342
Sussex County,144578
Union County,548282
Warren County,106994
New Mexico,2090342
Bernalillo County,676229
Catron County,3550
Chaves County,65880
Cibola County,27158
Colfax County,12718
Curry County,51115
De Baca County,1859
Doöa Ana County,214084
Eddy County,56690
Grant County,28863
Guadalupe County,4443
Harding County,693
Hidalgo County,4549
Lea County,70211
Lincoln County,19605
Los Alamos County,17807
Luna County,24448
McKinley County,72807
Mora County,4616
Otero County,65362
Quay County,8466
Rio Arriba County,39739
Roosevelt County,19656
Sandoval County,137039
San Juan County,129094
San Miguel County,28505
Santa Fe County,147819
Sierra County,11267
Socorro County,17267
Taos County,32971
Torrance County,15669
Union County,4248
Valencia County,75915
New York,19656330
Albany County,307190
Allegany County,47646
Bronx County,1431538
Broome County,197251
Cattaraugus County,78685
Cayuga County,78768
Chautauqua County,131750
Chemung County,87179
Chenango County,49326
Clinton County,81460
Columbia County,61938
Cortland County,48743
Delaware County,46561
Dutchess County,295146
Erie County,921794
Essex County,38311
Franklin County,51102
Fulton County,53945
Genesee County,58740
Greene County,47962
Hamilton County,4700
Herkimer County,63384
Jefferson County,118005
Kings County,2602680
Lewis County,27091
Livingston County,64586
Madison County,72204
Monroe County,747425
Montgomery County,49673
Nassau County,1355029
New York County,1630946
Niagara County,213322
Oneida County,232626
Onondaga County,467342
Ontario County,109334
Orange County,375181
Orleans County,41850
Oswego County,120588
Otsego County,60951
Putnam County,99459
Queens County,2300148
Rensselaer County,159661
Richmond County,472075
Rockland County,321176
St. Lawrence County,111437
Saratoga County,224518
Schenectady County,155042
Schoharie County,31773
Schuyler County,18164
Seneca County,34887
Steuben County,98173
Suffolk County,1495757
Sullivan County,75647
Tioga County,49833
Tompkins County,103385
Ulster County,180419
Warren County,64870
Washington County,62464
Wayne County,91806
Westchester County,967407
Wyoming County,41129
Yates County,25148
North Carolina,9933944
Alamance County,155425
Alexander County,36992
Alleghany County,10895
Anson County,25974
Ashe County,26772
Avery County,17615
Beaufort County,47328
Bertie County,20321
Bladen County,34386
Brunswick County,118308
Buncombe County,249122
Burke County,89289
Cabarrus County,191490
Caldwell County,81665
Camden County,10276
Carteret County,68634
Caswell County,22811
Catawba County,155139
Chatham County,66665
Cherokee County,27075
Chowan County,14504
Clay County,10562
Cleveland County,97018
Columbus County,56878
Craven County,104078
Cumberland County,332383
Currituck County,24817
Dare County,34894
Davidson County,163425
Davie County,41265
Duplin County,59442
Durham County,295199
Edgecombe County,54875
Forsyth County,364537
Franklin County,62689
Gaston County,210573
Gates County,11631
Graham County,8624
Granville County,57999
Greene County,21018
Guilford County,512275
Halifax County,52839
Harnett County,126704
Haywood County,59134
Henderson County,110270
Hertford County,24582
Hoke County,51588
Hyde County,5598
Iredell County,166514
Jackson County,40907
Johnston County,180758
Jones County,9851
Lee County,59430
Lenoir County,58261
Lincoln County,79418
McDowell County,45018
Macon County,33823
Madison County,21189
Martin County,23437
Mecklenburg County,1010412
Mitchell County,15166
Montgomery County,27291
Moore County,92825
Nash County,94216
New Hanover County,215996
Northampton County,20659
Onslow County,191820
Orange County,140333
Pamlico County,12874
Pasquotank County,39441
Pender County,55908
Perquimans County,13538
Person County,39122
Pitt County,174998
Polk County,20371
Randolph County,142510
Richmond County,45778
Robeson County,134945
Rockingham County,91800
Rowan County,138142
Rutherford County,66567
Sampson County,63820
Scotland County,35665
Stanly County,60619
Stokes County,46326
Surry County,72492
Swain County,14240
Transylvania County,32954
Tyrrell County,4120
Union County,217738
Vance County,44537
Wake County,997789
Warren County,20385
Washington County,12496
Watauga County,52397
Wayne County,124631
Wilkes County,68432
Wilson County,81006
Yadkin County,37850
Yancey County,17546
North Dakota,737382
Adams County,2388
Barnes County,11060
Benson County,6883
Billings County,920
Bottineau County,6685
Bowman County,3239
Burke County,2261
Burleigh County,90509
Cass County,166553
Cavalier County,3846
Dickey County,5098
Divide County,2428
Dunn County,4376
Eddy County,2329
Emmons County,3413
Foster County,3337
Golden Valley County,1852
Grand Forks County,69770
Grant County,2374
Griggs County,2290
Hettinger County,2626
Kidder County,2448
LaMoure County,4096
Logan County,1941
McHenry County,5977
McIntosh County,2743
McKenzie County,10975
McLean County,9550
Mercer County,8712
Morton County,29775
Mountrail County,9747
Nelson County,3021
Oliver County,1869
Pembina County,7070
Pierce County,4365
Ramsey County,11614
Ransom County,5441
Renville County,2573
Richland County,16348
Rolette County,14728
Sargent County,3919
Sheridan County,1334
Sioux County,4460
Slope County,779
Stark County,30318
Steele County,1912
Stutsman County,21118
Towner County,2274
Traill County,8040
Walsh County,10902
Ward County,68865
Wells County,4125
Williams County,32106
Ohio,11602973
Adams County,28085
Allen County,104846
Ashland County,53158
Ashtabula County,99017
Athens County,64778
Auglaize County,45766
Belmont County,69359
Brown County,43933
Butler County,373776
Carroll County,28131
Champaign County,39074
Clark County,136316
Clermont County,201450
Clinton County,41787
Columbiana County,105619
Coshocton County,36529
Crawford County,42406
Cuyahoga County,1263283
Darke County,52182
Defiance County,38524
Delaware County,189451
Erie County,75814
Fairfield County,150355
Fayette County,28647
Franklin County,1238527
Fulton County,42403
Gallia County,30462
Geauga County,93995
Greene County,164686
Guernsey County,39689
Hamilton County,807654
Hancock County,75275
Hardin County,31778
Harrison County,15516
Henry County,27591
Highland County,43086
Hocking County,28745
Holmes County,43787
Huron County,58610
Jackson County,32770
Jefferson County,67868
Knox County,60996
Lake County,229873
Lawrence County,61538
Licking County,169423
Logan County,45475
Lorain County,304461
Lucas County,434597
Madison County,43982
Mahoning County,233389
Marion County,65789
Medina County,175847
Meigs County,23278
Mercer County,40730
Miami County,103843
Monroe County,14358
Montgomery County,532469
Morgan County,14740
Morrow County,34941
Muskingum County,85900
Noble County,14532
Ottawa County,40904
Paulding County,18974
Perry County,35927
Pickaway County,56702
Pike County,28309
Portage County,162459
Preble County,41496
Putnam County,34196
Richland County,121994
Ross County,77093
Sandusky County,59827
Scioto County,77321
Seneca County,55802
Shelby County,48954
Stark County,375565
Summit County,542462
Trumbull County,204982
Tuscarawas County,92668
Union County,53723
Van Wert County,28332
Vinton County,13211
Warren County,221306
Washington County,61152
Wayne County,115918
Williams County,37190
Wood County,129336
Wyandot County,22281
Oklahoma,3878367
Adair County,22237
Alfalfa County,5812
Atoka County,13922
Beaver County,5524
Beckham County,23599
Blaine County,9835
Bryan County,44495
Caddo County,29457
Canadian County,129383
Carter County,48581
Cherokee County,48237
Choctaw County,15096
Cimarron County,2273
Cleveland County,269867
Coal County,5710
Comanche County,124823
Cotton County,6117
Craig County,14629
Creek County,70531
Custer County,29426
Delaware County,41690
Dewey County,4954
Ellis County,4119
Garfield County,62814
Garvin County,27604
Grady County,53898
Grant County,4459
Greer County,6117
Harmon County,2783
Harper County,3894
Haskell County,12774
Hughes County,13676
Jackson County,25826
Jefferson County,6294
Johnston County,11092
Kay County,45487
Kingfisher County,15480
Kiowa County,9280
Latimer County,10760
Le Flore County,49965
Lincoln County,34533
Logan County,44688
Love County,9721
McClain County,37255
McCurtain County,33160
McIntosh County,19961
Major County,7780
Marshall County,16153
Mayes County,40917
Murray County,13763
Muskogee County,69743
Noble County,11532
Nowata County,10490
Okfuskee County,12170
Oklahoma County,767316
Okmulgee County,39097
Osage County,47494
Ottawa County,31905
Pawnee County,16363
Payne County,80531
Pittsburg County,44835
Pontotoc County,38308
Pottawatomie County,71539
Pushmataha County,11103
Roger Mills County,3760
Rogers County,89397
Seminole County,25361
Sequoyah County,41453
Stephens County,44593
Texas County,21733
Tillman County,7684
Tulsa County,631441
Wagoner County,75663
Washington County,52006
Washita County,11627
Woods County,9236
Woodward County,21536
Oregon,3964106
Baker County,16012
Benton County,87221
Clackamas County,393453
Clatsop County,37440
Columbia County,49499
Coos County,62367
Crook County,20957
Curry County,22140
Deschutes County,169506
Douglas County,106702
Gilliam County,1930
Grant County,7190
Harney County,7127
Hood River County,22695
Jackson County,209226
Jefferson County,22208
Josephine County,83364
Klamath County,65277
Lake County,7823
Lane County,358076
Lincoln County,46348
Linn County,119063
Malheur County,30366
Marion County,324578
Morrow County,11110
Multnomah County,778604
Polk County,77691
Sherman County,1712
Tillamook County,25325
Umatilla County,76708
Union County,25633
Wallowa County,6778
Wasco County,25275
Washington County,562539
Wheeler County,1350
Yamhill County,100813
Pennsylvania,12789101
Adams County,101350
Allegheny County,1233073
Armstrong County,67466
Beaver County,168998
Bedford County,49118
Berks County,414593
Blair County,125276
Bradford County,61955
Bucks County,625334
Butler County,185754
Cambria County,137520
Cameron County,4832
Carbon County,64270
Centre County,159655
Chester County,512852
Clarion County,38917
Clearfield County,81020
Clinton County,39471
Columbia County,67127
Crawford County,87151
Cumberland County,243301
Dauphin County,272241
Delaware County,562748
Elk County,31184
Erie County,279437
Fayette County,133989
Forest County,7463
Franklin County,152607
Fulton County,14534
Greene County,37756
Huntingdon County,45737
Indiana County,87423
Jefferson County,44570
Juniata County,24486
Lackawanna County,212858
Lancaster County,533320
Lawrence County,88631
Lebanon County,136524
Lehigh County,357693
Luzerne County,319152
Lycoming County,116303
McKean County,42644
Mercer County,114680
Mifflin County,46490
Monroe County,167313
Montgomery County,815880
Montour County,18417
Northampton County,299624
Northumberland County,93609
Perry County,45664
Philadelphia County,1565604
Pike County,55659
Potter County,17190
Schuylkill County,145391
Snyder County,40232
Somerset County,76151
Sullivan County,6277
Susquehanna County,42090
Tioga County,41896
Union County,44965
Venango County,53354
Warren County,40655
Washington County,207946
Wayne County,52045
Westmoreland County,358975
Wyoming County,28165
York County,440496
Rhode Island,1056017
Bristol County,49073
Kent County,164503
Newport County,83350
Providence County,632737
Washington County,126354
South Carolina,4823793
Abbeville County,24775
Aiken County,164213
Allendale County,9700
Anderson County,191807
Bamberg County,15156
Barnwell County,22026
Beaufort County,175042
Berkeley County,198232
Calhoun County,14846
Charleston County,379814
Cherokee County,56358
Chester County,32432
Chesterfield County,46161
Clarendon County,34181
Colleton County,37540
Darlington County,67654
Dillon County,31298
Dorchester County,148791
Edgefield County,26644
Fairfield County,23027
Florence County,138791
Georgetown County,60850
Greenville County,481436
Greenwood County,69701
Hampton County,20426
Horry County,297708
Jasper County,26675
Kershaw County,63189
Lancaster County,83446
Laurens County,66510
Lee County,18326
Lexington County,277446
McCormick County,9812
Marion County,31955
Marlboro County,28018
Newberry County,37669
Oconee County,75211
Orangeburg County,90041
Pickens County,120542
Richland County,400361
Saluda County,20087
Spartanburg County,293076
Sumter County,107653
Union County,27918
Williamsburg County,32746
York County,244503
South Dakota,849088
Aurora County,2743
Beadle County,18057
Bennett County,3435
Bon Homme County,6982
Brookings County,33248
Brown County,38251
Brule County,5277
Buffalo County,2086
Butte County,10243
Campbell County,1401
Charles Mix County,9236
Clark County,3649
Clay County,13881
Codington County,27949
Corson County,4174
Custer County,8430
Davison County,19964
Day County,5501
Deuel County,4320
Dewey County,5659
Douglas County,2928
Edmunds County,3969
Fall River County,6845
Faulk County,2320
Grant County,7312
Gregory County,4226
Haakon County,1846
Hamlin County,5960
Hand County,3340
Hanson County,3423
Harding County,1245
Hughes County,17624
Hutchinson County,7225
Hyde County,1393
Jackson County,3263
Jerauld County,2041
Jones County,956
Kingsbury County,5053
Lake County,12089
Lawrence County,24729
Lincoln County,51576
Lyman County,3858
McCook County,5547
McPherson County,2418
Marshall County,4729
Meade County,26720
Mellette County,2066
Miner County,2281
Minnehaha County,180832
Moody County,6435
Oglala Lakota County,14213
Pennington County,107508
Perkins County,3014
Potter County,2304
Roberts County,10278
Sanborn County,2331
Spink County,6655
Stanley County,2980
Sully County,1405
Todd County,9942
Tripp County,5507
Turner County,8191
Union County,14988
Walworth County,5503
Yankton County,22675
Ziebach County,2859
Tennessee,6540826
Anderson County,75139
Bedford County,46288
Benton County,16173
Bledsoe County,14419
Blount County,125839
Bradley County,102795
Campbell County,39891
Cannon County,13612
Carroll County,28370
Carter County,56282
Cheatham County,39611
Chester County,17112
Claiborne County,31541
Clay County,7645
Cocke County,35205
Coffee County,53522
Crockett County,14653
Cumberland County,57851
Davidson County,670180
Decatur County,11683
DeKalb County,19251
Dickson County,50473
Dyer County,37811
Fayette County,39040
Fentress County,17838
Franklin County,41272
Gibson County,49375
Giles County,28824
Grainger County,22861
Greene County,68467
Grundy County,13374
Hamblen County,62979
Hamilton County,350683
Hancock County,6624
Hardeman County,25930
Hardin County,25802
Hawkins County,56372
Haywood County,18173
Henderson County,27990
Henry County,32239
Hickman County,24443
Houston County,8219
Humphreys County,18146
Jackson County,11521
Jefferson County,52388
Johnson County,17932
Knox County,447892
Lake County,7670
Lauderdale County,27354
Lawrence County,42211
Lewis County,11897
Lincoln County,33442
Loudon County,50565
McMinn County,52555
McNairy County,26028
Macon County,22917
Madison County,98104
Marion County,28358
Marshall County,31242
Maury County,85370
Meigs County,11701
Monroe County,45392
Montgomery County,188964
Moore County,6296
Morgan County,21686
Obion County,30822
Overton County,21944
Perry County,7817
Pickett County,5074
Polk County,16686
Putnam County,74946
Rhea County,32558
Roane County,52823
Robertson County,67904
Rutherford County,288703
Scott County,21988
Sequatchie County,14638
Sevier County,94512
Shelby County,938576
Smith County,19026
Stewart County,13218
Sullivan County,156504
Sumner County,172243
Tipton County,61594
Trousdale County,7997
Unicoi County,17919
Union County,18987
Van Buren County,5654
Warren County,39991
Washington County,125753
Wayne County,16789
Weakley County,33990
White County,26234
Williamson County,205258
Wilson County,125196
Texas,26977142
Anderson County,57849
Andrews County,17445
Angelina County,87599
Aransas County,24570
Archer County,8837
Armstrong County,1913
Atascosa County,47708
Austin County,28972
Bailey County,6970
Bandera County,20816
Bastrop County,77994
Baylor County,3567
Bee County,32846
Bell County,330208
Bexar County,1858787
Blanco County,10817
Borden County,665
Bosque County,17719
Bowie County,93502
Brazoria County,337698
Brazos County,209030
Brewster County,9151
Briscoe County,1551
Brooks County,7234
Brown County,37555
Burleson County,17390
Burnet County,43951
Caldwell County,39721
Calhoun County,21821
Callahan County,13506
Cameron County,419467
Camp County,12664
Carson County,6037
Cass County,30121
Castro County,7929
Chambers County,38290
Cherokee County,51219
Childress County,7194
Clay County,10377
Cochran County,2944
Coke County,3215
Coleman County,8417
Collin County,885827
Collingsworth County,3016
Colorado County,20705
Comal County,123195
Comanche County,13475
Concho County,4104
Cooke County,38771
Coryell County,76178
Cottle County,1429
Crane County,4904
Crockett County,3790
Crosby County,5825
Culberson County,2283
Dallam County,7224
Dallas County,2520434
Dawson County,13448
Deaf Smith County,19139
Delta County,5140
Denton County,753429
DeWitt County,20521
Dickens County,2215
Dimmit County,10999
Donley County,3484
Duval County,11519
Eastland County,18262
Ector County,154674
Edwards County,1904
Ellis County,159259
El Paso County,834992
Erath County,40532
Falls County,17214
Fannin County,33598
Fayette County,24792
Fisher County,3887
Floyd County,5947
Foard County,1276
Fort Bend County,684345
Franklin County,10568
Freestone County,19674
Frio County,18946
Gaines County,19350
Galveston County,313426
Garza County,6456
Gillespie County,25495
Glasscock County,1327
Goliad County,7505
Gonzales County,20366
Gray County,23435
Grayson County,123615
Gregg County,123174
Grimes County,27003
Guadalupe County,146848
Hale County,34463
Hall County,3074
Hamilton County,8159
Hansford County,5562
Hardeman County,3991
Hardin County,55508
Harris County,4458709
Harrison County,66610
Hartley County,6056
Haskell County,5809
Hays County,184895
Hemphill County,4164
Henderson County,79302
Hidalgo County,830824
Hill County,34776
Hockley County,23469
Hood County,53820
Hopkins County,35696
Houston County,22815
Howard County,36602
Hudspeth County,3308
Hunt County,88679
Hutchinson County,21921
Irion County,1574
Jack County,8885
Jackson County,14726
Jasper County,35421
Jeff Davis County,2217
Jefferson County,252915
Jim Hogg County,5334
Jim Wells County,41503
Johnson County,156754
Jones County,19846
Karnes County,14913
Kaufman County,110913
Kendall County,38402
Kenedy County,437
Kent County,748
Kerr County,50334
Kimble County,4466
King County,263
Kinney County,3555
Kleberg County,31910
Knox County,3802
Lamar County,49417
Lamb County,13484
Lampasas County,20113
La Salle County,7486
Lavaca County,19783
Lee County,16626
Leon County,16737
Liberty County,78056
Limestone County,23538
Lipscomb County,3553
Live Oak County,12057
Llano County,19662
Loving County,89
Lubbock County,294488
Lynn County,5799
McCulloch County,8157
McLennan County,243220
McMullen County,800
Madison County,13869
Marion County,10153
Martin County,5462
Mason County,4096
Matagorda County,36501
Maverick County,57197
Medina County,47839
Menard County,2128
Midland County,156787
Milam County,24145
Mills County,4871
Mitchell County,9074
Montague County,19368
Montgomery County,517328
Moore County,22006
Morris County,12606
Motley County,1149
Nacogdoches County,65248
Navarro County,47947
Newton County,14292
Nolan County,15128
Nueces County,356747
Ochiltree County,10727
Oldham County,2069
Orange County,83249
Palo Pinto County,28034
Panola County,23749
Parker County,122165
Parmer County,9962
Pecos County,15836
Polk County,45830
Potter County,122119
Presidio County,7216
Rains County,11012
Randall County,128736
Reagan County,3788
Real County,3348
Red River County,12452
Reeves County,14557
Refugio County,7357
Roberts County,914
Robertson County,16468
Rockwall County,87073
Runnels County,10297
Rusk County,53238
Sabine County,10431
San Augustine County,8480
San Jacinto County,27051
San Patricio County,66665
San Saba County,5862
Schleicher County,3165
Scurry County,17380
Shackelford County,3320
Shelby County,25624
Sherman County,3064
Smith County,219605
Somervell County,8562
Starr County,63059
Stephens County,9345
Sterling County,1341
Stonewall County,1388
Sutton County,3970
Swisher County,7555
Tarrant County,1946639
Taylor County,135003
Terrell County,910
Terry County,12795
Throckmorton County,1613
Titus County,32530
Tom Green County,116327
Travis County,1152758
Trinity County,14300
Tyler County,21457
Upshur County,40286
Upton County,3483
Uvalde County,27046
Val Verde County,48877
Van Zandt County,52799
Victoria County,91059
Walker County,70086
Waller County,46794
Ward County,11574
Washington County,34404
Webb County,267732
Wharton County,41124
Wheeler County,5699
Wichita County,132649
Wilbarger County,12991
Willacy County,21966
Williamson County,488041
Wilson County,46161
Winkler County,7826
Wise County,61705
Wood County,42774
Yoakum County,8404
Young County,18278
Zapata County,14404
Zavala County,12259
Utah,2937399
Beaver County,6429
Box Elder County,51303
Cache County,117906
Carbon County,20634
Daggett County,1124
Davis County,328756
Duchesne County,20206
Emery County,10638
Garfield County,5005
Grand County,9477
Iron County,47045
Juab County,10409
Kane County,7166
Millard County,12544
Morgan County,10602
Piute County,1467
Rich County,2274
Salt Lake County,1090257
San Juan County,15052
Sanpete County,28295
Sevier County,20735
Summit County,39118
Tooele County,61446
Uintah County,36921
Utah County,560751
Wasatch County,27822
Washington County,151109
Wayne County,2696
Weber County,240212
Vermont,625218
Addison County,36933
Bennington County,36173
Caledonia County,30868
Chittenden County,159961
Essex County,6154
Franklin County,48749
Grand Isle County,6967
Lamoille County,25130
Orange County,28878
Orleans County,27021
Rutland County,60031
Washington County,58960
Windham County,43663
Windsor County,55730
Virginia,8312076
Accomack County,32970
Albemarle County,103743
Alleghany County,15602
Amelia County,12716
Amherst County,32158
Appomattox County,15348
Arlington County,226043
Augusta County,73880
Bath County,4535
Bedford County,77046
Bland County,6585
Botetourt County,33077
Brunswick County,16826
Buchanan County,23144
Buckingham County,16935
Campbell County,55267
Caroline County,29749
Carroll County,29707
Charles City County,6975
Charlotte County,12176
Chesterfield County,332148
Clarke County,14314
Craig County,5176
Culpeper County,49248
Cumberland County,9838
Dickenson County,15344
Dinwiddie County,28098
Essex County,11067
Fairfax County,1136573
Fauquier County,68132
Floyd County,15527
Fluvanna County,25970
Franklin County,56268
Frederick County,82730
Giles County,16849
Gloucester County,37024
Goochland County,21854
Grayson County,15922
Greene County,19104
Greensville County,11563
Halifax County,35190
Hanover County,101730
Henrico County,321924
Henry County,52230
Highland County,2238
Isle of Wight County,35860
James City County,72077
King and Queen County,7085
King George County,25262
King William County,16150
Lancaster County,10862
Lee County,24716
Loudoun County,362290
Louisa County,34314
Lunenburg County,12481
Madison County,13034
Mathews County,8814
Mecklenburg County,31112
Middlesex County,10653
Montgomery County,97117
Nelson County,14865
New Kent County,20017
Northampton County,12045
Northumberland County,12254
Nottoway County,15505
Orange County,34922
Page County,23785
Patrick County,18176
Pittsylvania County,62378
Powhatan County,28488
Prince Edward County,22976
Prince George County,37411
Prince William County,443926
Pulaski County,34342
Rappahannock County,7333
Richmond County,8884
Roanoke County,93371
Rockbridge County,22433
Rockingham County,77885
Russell County,28054
Scott County,22518
Shenandoah County,42731
Smyth County,31571
Southampton County,18221
Spotsylvania County,128804
Stafford County,138813
Surry County,6780
Sussex County,11721
Tazewell County,43386
Warren County,40103
Washington County,54604
Westmoreland County,17440
Wise County,39908
Wythe County,29044
York County,66573
Alexandria city,151431
Bristol city,17199
Buena Vista city,6550
Charlottesville city,45522
Chesapeake city,233380
Colonial Heights city,17440
Covington city,5775
Danville city,42267
Emporia city,5597
Fairfax city,23315
Falls Church city,13454
Franklin city,8399
Fredericksburg city,28254
Galax city,6904
Hampton city,137597
Harrisonburg city,52558
Hopewell city,22109
Lexington city,7121
Lynchburg city,78155
Manassas city,41180
Manassas Park city,15924
Martinsville city,13317
Newport News city,181576
Norfolk city,246587
Norton city,4136
Petersburg city,32236
Poquoson city,12003
Portsmouth city,95826
Radford city,17390
Richmond city,217003
Roanoke city,99443
Salem city,25427
Staunton city,24287
Suffolk city,86892
Virginia Beach city,448913
Waynesboro city,21312
Williamsburg city,14566
Winchester city,27394
Washington,7052439
Adams County,19200
Asotin County,22189
Benton County,186542
Chelan County,74170
Clallam County,72477
Clark County,448277
Columbia County,3984
Cowlitz County,101799
Douglas County,39795
Ferry County,7590
Franklin County,87743
Garfield County,2201
Grant County,92968
Grays Harbor County,70783
Island County,78698
Jefferson County,30139
King County,2085730
Kitsap County,253415
Kittitas County,42597
Klickitat County,20864
Lewis County,74858
Lincoln County,10227
Mason County,60615
Okanogan County,41252
Pacific County,20566
Pend Oreille County,12917
Pierce County,828920
San Juan County,16010
Skagit County,119992
Skamania County,11377
Snohomish County,757417
Spokane County,482926
Stevens County,43470
Thurston County,264975
Wahkiakum County,4043
Walla Walla County,59536
Whatcom County,208215
Whitman County,46916
Yakima County,247046
West Virginia,1849467
Barbour County,16903
Berkeley County,110187
Boone County,23710
Braxton County,14404
Brooke County,23384
Cabell County,96634
Calhoun County,7559
Clay County,8880
Doddridge County,8471
Fayette County,45161
Gilmer County,8497
Grant County,11639
Greenbrier County,35581
Hampshire County,23439
Hancock County,30248
Hardy County,13954
Harrison County,68680
Jackson County,29131
Jefferson County,55624
Kanawha County,190353
Lewis County,16447
Lincoln County,21521
Logan County,35248
McDowell County,20388
Marion County,56780
Marshall County,32338
Mason County,27148
Mercer County,61762
Mineral County,27538
Mingo County,25739
Monongalia County,103486
Monroe County,13612
Morgan County,17516
Nicholas County,25718
Ohio County,43261
Pendleton County,7229
Pleasants County,7588
Pocahontas County,8652
Preston County,33918
Putnam County,56634
Raleigh County,78185
Randolph County,29374
Ritchie County,10076
Roane County,14595
Summers County,13329
Taylor County,17100
Tucker County,7051
Tyler County,9086
Upshur County,24662
Wayne County,41507
Webster County,8751
Wetzel County,15957
Wirt County,5791
Wood County,86465
Wyoming County,22576
Wisconsin,5751974
Adams County,20129
Ashland County,15998
Barron County,45343
Bayfield County,14975
Brown County,256245
Buffalo County,13230
Burnett County,15230
Calumet County,49472
Chippewa County,63334
Clark County,34354
Columbia County,56638
Crawford County,16347
Dane County,516338
Dodge County,88090
Door County,27466
Douglas County,43641
Dunn County,44076
Eau Claire County,101688
Florence County,4345
Fond du Lac County,101986
Forest County,9102
Grant County,51681
Green County,36856
Green Lake County,18759
Iowa County,23585
Iron County,5859
Jackson County,20577
Jefferson County,84369
Juneau County,26338
Kenosha County,167856
Kewaunee County,20336
La Crosse County,117446
Lafayette County,16778
Langlade County,19252
Lincoln County,28104
Manitowoc County,79959
Marathon County,135131
Marinette County,41047
Marquette County,15071
Menominee County,4504
Milwaukee County,958546
Monroe County,45158
Oconto County,37463
Oneida County,35323
Outagamie County,182170
Ozaukee County,87580
Pepin County,7297
Pierce County,41028
Polk County,43331
Portage County,70521
Price County,13656
Racine County,194833
Richland County,17745
Rock County,160950
Rusk County,14350
St. Croix County,86544
Sauk County,62975
Sawyer County,16361
Shawano County,41347
Sheboygan County,114998
Taylor County,20415
Trempealeau County,29409
Vernon County,30190
Vilas County,21403
Walworth County,103193
Washburn County,15658
Washington County,133600
Waukesha County,395431
Waupaca County,51948
Waushara County,24093
Winnebago County,169330
Wood County,73593
Wyoming,582548
Albany County,37622
Big Horn County,11853
Campbell County,48132
Carbon County,15872
Converse County,14203
Crook County,7237
Fremont County,40562
Goshen County,13526
Hot Springs County,4786
Johnson County,8582
Laramie County,96038
Lincoln County,18563
Natrona County,81375
Niobrara County,2489
Park County,28962
Platte County,8772
Sheridan County,29848
Sublette County,10152
Sweetwater County,44957
Teton County,22777
Uinta County,20827
Washakie County,8275
Weston County,7138
